GIBSON DESERT NORTH,872,WA,Delivery Area,-22.590927,125.664556
PERTH,6000,WA,Delivery Area,-31.924074,115.91223
HIGHGATE,6003,WA,Delivery Area,-31.939272,115.869136
NORTHBRIDGE,6003,WA,Delivery Area,-31.946969,115.857386
EAST PERTH,6004,WA,Delivery Area,-31.943109,115.877401
KINGS PARK,6005,WA,Delivery Area,-31.967791,115.836209
WEST PERTH,6005,WA,Delivery Area,-31.950555,115.843835
NORTH PERTH,6006,WA,Delivery Area,-31.982001,115.760961
LEEDERVILLE,6007,WA,Delivery Area,-31.93648,115.841231
WEST LEEDERVILLE,6007,WA,Delivery Area,-31.940713,115.832279
DAGLISH,6008,WA,Delivery Area,-31.954097,115.809407
SHENTON PARK,6008,WA,Delivery Area,-31.960889,115.812352
SUBIACO,6008,WA,Delivery Area,-31.94964,115.823977
SUBIACO EAST,6008,WA,Delivery Area,-31.922043,115.830285
BROADWAY NEDLANDS,6009,WA,Delivery Area,-31.984059,115.814535
CRAWLEY,6009,WA,Delivery Area,-31.983689,115.814532
DALKEITH,6009,WA,Delivery Area,-31.994799,115.798774
NEDLANDS,6009,WA,Delivery Area,-31.978007,115.81002
CLAREMONT,6010,WA,Delivery Area,-31.981145,115.781247
CLAREMONT NORTH,6010,WA,Delivery Area,-31.982001,115.760961
KARRAKATTA,6010,WA,Delivery Area,-31.965861,115.800418
MOUNT CLAREMONT,6010,WA,Delivery Area,-31.96289,115.778494
SWANBOURNE,6010,WA,Delivery Area,-31.982485,115.770621
COTTESLOE,6011,WA,Delivery Area,-31.997976,115.762877
PEPPERMINT GROVE,6011,WA,Delivery Area,-31.9998,115.767267
MOSMAN PARK,6012,WA,Delivery Area,-32.006407,115.757689
FLOREAT,6014,WA,Delivery Area,-31.937648,115.792209
FLOREAT FORUM,6014,WA,Delivery Area,-31.938053,115.793365
JOLIMONT,6014,WA,Delivery Area,-31.947602,115.811572
CITY BEACH,6015,WA,Delivery Area,-31.938276,115.754198
GLENDALOUGH,6016,WA,Delivery Area,-31.920761,115.814243
MOUNT HAWTHORN,6016,WA,Delivery Area,-31.920297,115.836577
HERDSMAN,6017,WA,Delivery Area,-31.91279,115.811165
OSBORNE PARK,6017,WA,Delivery Area,-31.898857,115.811175
CHURCHLANDS,6018,WA,Delivery Area,-31.920203,115.787679
DOUBLEVIEW,6018,WA,Delivery Area,-31.899811,115.778843
GWELUP,6018,WA,Delivery Area,-31.870147,115.792439
INNALOO,6018,WA,Delivery Area,-31.888711,115.79221
KARRINYUP,6018,WA,Delivery Area,-31.875632,115.782191
WOODLANDS,6018,WA,Delivery Area,-31.908849,115.798304
SCARBOROUGH,6019,WA,Delivery Area,-31.894358,115.760162
WEMBLEY DOWNS,6019,WA,Delivery Area,-31.911079,115.772731
CARINE,6020,WA,Delivery Area,-31.850982,115.778122
MARMION,6020,WA,Delivery Area,-31.844038,115.751484
NORTH BEACH,6020,WA,Delivery Area,-31.860972,115.752859
SORRENTO,6020,WA,Delivery Area,-31.825368,115.74915
BALCATTA,6021,WA,Delivery Area,-31.863835,115.817189
STIRLING,6021,WA,Delivery Area,-31.883428,115.809897
HAMERSLEY,6022,WA,Delivery Area,-31.849089,115.804841
DUNCRAIG,6023,WA,Delivery Area,-31.833057,115.766122
GREENWOOD,6024,WA,Delivery Area,-31.83105,115.797574
WARWICK,6024,WA,Delivery Area,-31.844843,115.808154
CRAIGIE,6025,WA,Delivery Area,-31.784792,115.767788
HILLARYS,6025,WA,Delivery Area,-31.809421,115.741544
KALLAROO,6025,WA,Delivery Area,-31.790785,115.745092
PADBURY,6025,WA,Delivery Area,-31.812088,115.767581
KINGSLEY,6026,WA,Delivery Area,-31.809099,115.788898
WOODVALE,6026,WA,Delivery Area,-31.785552,115.786852
BELDON,6027,WA,Delivery Area,-31.777325,115.75682
CONNOLLY,6027,WA,Delivery Area,-31.75423,115.747626
EDGEWATER,6027,WA,Delivery Area,-31.760848,115.786404
HEATHRIDGE,6027,WA,Delivery Area,-31.759362,115.763247
JOONDALUP,6027,WA,Delivery Area,-31.746519,115.769894
MULLALOO,6027,WA,Delivery Area,-31.778989,115.74348
OCEAN REEF,6027,WA,Delivery Area,-31.752177,115.735165
BURNS BEACH,6028,WA,Delivery Area,-31.7292,115.717254
CURRAMBINE,6028,WA,Delivery Area,-31.735025,115.744417
ILUKA,6028,WA,Delivery Area,-31.737276,115.73029
KINROSS,6028,WA,Delivery Area,-31.718375,115.735228
TRIGG,6029,WA,Delivery Area,-31.876031,115.752936
CLARKSON,6030,WA,Delivery Area,-31.677452,115.721326
MERRIWA,6030,WA,Delivery Area,-31.666754,115.712158
MINDARIE,6030,WA,Delivery Area,-31.685654,115.703795
QUINNS ROCKS,6030,WA,Delivery Area,-31.672941,115.70797
RIDGEWOOD,6030,WA,Delivery Area,-31.66383,115.718624
TAMALA PARK,6030,WA,Delivery Area,-31.707482,115.721981
BANKSIA GROVE,6031,WA,Delivery Area,-31.697991,115.814615
CARRAMAR,6031,WA,Delivery Area,-31.702735,115.777224
NEERABUP,6031,WA,Delivery Area,-31.681056,115.772529
NOWERGUP,6032,WA,Delivery Area,-31.642666,115.735647
CARABOODA,6033,WA,Delivery Area,-31.60348,115.746096
EGLINTON,6034,WA,Delivery Area,-31.85291,115.80596
YANCHEP,6035,WA,Delivery Area,-31.54667,115.632045
BUTLER,6036,WA,Delivery Area,-31.649385,115.70986
JINDALEE,6036,WA,Delivery Area,-31.644341,115.683231
TWO ROCKS,6037,WA,Delivery Area,-31.511727,115.604615
ALKIMOS,6038,WA,Delivery Area,-32.289149,115.723047
CARABAN,6041,WA,Delivery Area,-31.353571,115.526545
GABBADAH,6041,WA,Delivery Area,-31.279998,115.503183
GUILDERTON,6041,WA,Delivery Area,-31.345514,115.501473
WILBINGA,6041,WA,Delivery Area,-31.433984,115.663993
WOODRIDGE,6041,WA,Delivery Area,-31.343501,115.586214
SEABIRD,6042,WA,Delivery Area,-31.254039,115.452067
BRETON BAY,6043,WA,Delivery Area,-31.199838,115.420418
LEDGE POINT,6043,WA,Delivery Area,-31.107523,115.372828
KARAKIN,6044,WA,Delivery Area,-31.045751,115.421678
LANCELIN,6044,WA,Delivery Area,-31.021471,115.33206
NILGEN,6044,WA,Delivery Area,-30.982793,115.415727
WEDGE ISLAND,6044,WA,Delivery Area,-30.85306,115.30722
COOLBINIA,6050,WA,Delivery Area,-31.913458,115.857753
MENORA,6050,WA,Delivery Area,-31.918072,115.863163
MOUNT LAWLEY,6050,WA,Delivery Area,-31.934445,115.872165
MAYLANDS,6051,WA,Delivery Area,-31.928146,115.892018
BEDFORD,6052,WA,Delivery Area,-31.911949,115.893304
INGLEWOOD,6052,WA,Delivery Area,-31.921757,115.885517
BAYSWATER,6053,WA,Delivery Area,-31.91783,115.913379
ASHFIELD,6054,WA,Delivery Area,-31.915202,115.937635
BASSENDEAN,6054,WA,Delivery Area,-31.905092,115.951542
EDEN HILL,6054,WA,Delivery Area,-31.891613,115.946282
KIARA,6054,WA,Delivery Area,-31.883586,115.938768
LOCKRIDGE,6054,WA,Delivery Area,-31.879684,115.94754
CAVERSHAM,6055,WA,Delivery Area,-31.873677,115.977483
GUILDFORD,6055,WA,Delivery Area,-31.898832,115.971701
HAZELMERE,6055,WA,Delivery Area,-31.906189,116.000272
HENLEY BROOK,6055,WA,Delivery Area,-31.808827,116.000796
SOUTH GUILDFORD,6055,WA,Delivery Area,-31.915626,115.975488
WEST SWAN,6055,WA,Delivery Area,-31.84816,115.988532
BASKERVILLE,6056,WA,Delivery Area,-31.797228,116.02816
BELLEVUE,6056,WA,Delivery Area,-31.899415,116.024881
BOYA,6056,WA,Delivery Area,-31.915344,116.054417
GREENMOUNT,6056,WA,Delivery Area,-31.898957,116.057847
HELENA VALLEY,6056,WA,Delivery Area,-31.916917,116.041624
HERNE HILL,6056,WA,Delivery Area,-31.829177,116.016586
JANE BROOK,6056,WA,Delivery Area,-31.859167,116.047393
KOONGAMIA,6056,WA,Delivery Area,-31.90626,116.040576
MIDDLE SWAN,6056,WA,Delivery Area,-31.870241,116.021698
MIDLAND,6056,WA,Delivery Area,-31.886097,116.008023
MIDVALE,6056,WA,Delivery Area,-31.88902,116.023246
MILLENDON,6056,WA,Delivery Area,-31.803467,116.020044
RED HILL,6056,WA,Delivery Area,-31.844032,116.057117
STRATTON,6056,WA,Delivery Area,-31.865976,116.043026
SWAN VIEW,6056,WA,Delivery Area,-31.885954,116.04647
VIVEASH,6056,WA,Delivery Area,-31.876293,115.999126
WOODBRIDGE,6056,WA,Delivery Area,-31.891411,115.991836
HIGH WYCOMBE,6057,WA,Delivery Area,-31.939411,116.013318
MAIDA VALE,6057,WA,Delivery Area,-31.952267,116.025511
FORRESTFIELD,6058,WA,Delivery Area,-31.986574,116.010649
DIANELLA,6059,WA,Delivery Area,-31.882862,115.861726
DOG SWAMP,6060,WA,Delivery Area,-31.909538,115.84596
JOONDANNA,6060,WA,Delivery Area,-31.914184,115.838402
TUART HILL,6060,WA,Delivery Area,-31.902228,115.836972
YOKINE,6060,WA,Delivery Area,-31.89415,115.84939
BALGA,6061,WA,Delivery Area,-31.861285,115.84319
MIRRABOOKA,6061,WA,Delivery Area,-31.858237,115.864567
NOLLAMARA,6061,WA,Delivery Area,-31.881909,115.840876
WESTMINSTER,6061,WA,Delivery Area,-31.861232,115.827092
EMBLETON,6062,WA,Delivery Area,-31.896813,115.91656
MORLEY,6062,WA,Delivery Area,-31.89573,115.904604
NORANDA,6062,WA,Delivery Area,-31.875682,115.896613
BEECHBORO,6063,WA,Delivery Area,-31.867238,115.924904
ALEXANDER HEIGHTS,6064,WA,Delivery Area,-31.82761,115.867134
GIRRAWHEEN,6064,WA,Delivery Area,-31.836376,115.830948
KOONDOOLA,6064,WA,Delivery Area,-31.842161,115.858058
MARANGAROO,6064,WA,Delivery Area,-31.830551,115.839012
ASHBY,6065,WA,Delivery Area,-31.734209,115.792445
DARCH,6065,WA,Delivery Area,-31.813228,115.844849
GNANGARA,6065,WA,Delivery Area,-31.776709,115.865727
HOCKING,6065,WA,Delivery Area,-31.768464,115.820077
JANDABUP,6065,WA,Delivery Area,-31.747536,115.853169
KINGSWAY,6065,WA,Delivery Area,-31.812338,115.851773
LANDSDALE,6065,WA,Delivery Area,-31.804175,115.875449
LEXIA,6065,WA,Delivery Area,-31.7825,115.91333
MADELEY,6065,WA,Delivery Area,-31.803342,115.822377
MARIGINIUP,6065,WA,Delivery Area,-31.717259,115.810519
MELALEUCA,6065,WA,Delivery Area,-31.737516,115.937107
PEARSALL,6065,WA,Delivery Area,-31.785568,115.817121
PINJAR,6065,WA,Delivery Area,-31.654227,115.838054
SINAGRA,6065,WA,Delivery Area,-31.744522,115.804844
TAPPING,6065,WA,Delivery Area,-31.716582,115.797868
WANGARA,6065,WA,Delivery Area,-31.796668,115.830363
WANNEROO,6065,WA,Delivery Area,-31.750362,115.805657
BALLAJURA,6066,WA,Delivery Area,-31.83574,115.891911
CULLACABARDEE,6067,WA,Delivery Area,-31.821166,115.912948
WHITEMAN,6068,WA,Delivery Area,-31.834488,115.943632
AVELEY,6069,WA,Delivery Area,-31.771612,116.007663
BELHUS,6069,WA,Delivery Area,-31.784268,116.01173
BRIGADOON,6069,WA,Delivery Area,-31.78934,116.053015
ELLENBROOK,6069,WA,Delivery Area,-31.79102,115.974091
THE VINES,6069,WA,Delivery Area,-31.749482,116.001058
UPPER SWAN,6069,WA,Delivery Area,-31.745837,116.039792
DARLINGTON,6070,WA,Delivery Area,-31.918978,116.078749
GLEN FORREST,6071,WA,Delivery Area,-31.909289,116.100209
HOVEA,6071,WA,Delivery Area,-31.887815,116.112178
MAHOGANY CREEK,6072,WA,Delivery Area,-31.868885,116.177751
MUNDARING,6073,WA,Delivery Area,-31.902029,116.168205
SAWYERS VALLEY,6074,WA,Delivery Area,-31.902142,116.201914
BICKLEY,6076,WA,Delivery Area,-32.005284,116.090007
CARMEL,6076,WA,Delivery Area,-32.018516,116.084188
GOOSEBERRY HILL,6076,WA,Delivery Area,-31.955755,116.049862
HACKETTS GULLY,6076,WA,Delivery Area,-31.970804,116.107895
KALAMUNDA,6076,WA,Delivery Area,-31.971851,116.056734
LESMURDIE,6076,WA,Delivery Area,-31.998946,116.052583
PAULLS VALLEY,6076,WA,Delivery Area,-31.973793,116.138582
PICKERING BROOK,6076,WA,Delivery Area,-32.034596,116.104944
PIESSE BROOK,6076,WA,Delivery Area,-31.979156,116.08494
RESERVOIR,6076,WA,Delivery Area,-31.98694,116.1775
WALLISTON,6076,WA,Delivery Area,-32.002224,116.068624
PARKERVILLE,6081,WA,Delivery Area,-31.876046,116.146074
STONEVILLE,6081,WA,Delivery Area,-31.877344,116.16871
BAILUP,6082,WA,Delivery Area,-31.738368,116.295706
MOUNT HELENA,6082,WA,Delivery Area,-31.876828,116.210531
GIDGEGANNUP,6083,WA,Delivery Area,-31.793051,116.196639
MORANGUP,6083,WA,Delivery Area,-31.59899,116.354125
AVON VALLEY NATIONAL PARK,6084,WA,Delivery Area,-31.622485,116.207151
BULLSBROOK,6084,WA,Delivery Area,-31.670853,116.031245
CHITTERING,6084,WA,Delivery Area,-31.484203,116.114538
LOWER CHITTERING,6084,WA,Delivery Area,-31.543462,116.109713
WALYUNGA NATIONAL PARK,6084,WA,Delivery Area,-31.712365,116.086487
MALAGA,6090,WA,Delivery Area,-31.862589,115.894254
BURSWOOD,6100,WA,Delivery Area,-31.959952,115.902637
LATHLAIN,6100,WA,Delivery Area,-31.972138,115.911365
VICTORIA PARK,6100,WA,Delivery Area,-31.974791,115.897592
CARLISLE,6101,WA,Delivery Area,-31.975068,115.91493
CARLISLE NORTH,6101,WA,Delivery Area,-31.975068,115.91493
CARLISLE SOUTH,6101,WA,Delivery Area,-31.984714,115.919527
EAST VICTORIA PARK,6101,WA,Delivery Area,-31.984241,115.902844
BENTLEY,6102,WA,Delivery Area,-32.001778,115.918975
BENTLEY SOUTH,6102,WA,Delivery Area,-31.98857,115.867649
ST JAMES,6102,WA,Delivery Area,-32.000242,115.908234
RIVERVALE,6103,WA,Delivery Area,-31.955979,115.905144
ASCOT,6104,WA,Delivery Area,-31.940682,115.923003
BELMONT,6104,WA,Delivery Area,-31.955563,115.921383
REDCLIFFE,6104,WA,Delivery Area,-31.935087,115.94771
CLOVERDALE,6105,WA,Delivery Area,-31.963644,115.934344
KEWDALE,6105,WA,Delivery Area,-31.973879,115.936456
PERTH AIRPORT,6105,WA,Delivery Area,-31.948682,115.971316
WELSHPOOL,6106,WA,Delivery Area,-31.988232,115.945389
BECKENHAM,6107,WA,Delivery Area,-32.014104,115.964808
CANNINGTON,6107,WA,Delivery Area,-32.019462,115.939199
EAST CANNINGTON,6107,WA,Delivery Area,-32.011217,115.957311
KENWICK,6107,WA,Delivery Area,-32.033338,115.981169
QUEENS PARK,6107,WA,Delivery Area,-31.99976,115.952247
WATTLE GROVE,6107,WA,Delivery Area,-32.008813,116.00229
WILSON,6107,WA,Delivery Area,-32.015239,115.906404
THORNLIE,6108,WA,Delivery Area,-32.050009,115.964764
MADDINGTON,6109,WA,Delivery Area,-32.050158,115.976376
ORANGE GROVE,6109,WA,Delivery Area,-32.027688,116.018821
GOSNELLS,6110,WA,Delivery Area,-32.072009,116.002362
HUNTINGDALE,6110,WA,Delivery Area,-32.080176,115.967135
MARTIN,6110,WA,Delivery Area,-32.081381,116.026414
SOUTHERN RIVER,6110,WA,Delivery Area,-32.093777,115.958728
ASHENDON,6111,WA,Delivery Area,-32.10398,116.192636
CANNING MILLS,6111,WA,Delivery Area,-32.071088,116.10507
CHAMPION LAKES,6111,WA,Delivery Area,-32.121537,115.989224
KARRAGULLEN,6111,WA,Delivery Area,-32.108924,116.130064
KELMSCOTT,6111,WA,Delivery Area,-32.114056,116.015889
ROLEYSTONE,6111,WA,Delivery Area,-32.11287,116.069584
WESTFIELD,6111,WA,Delivery Area,-32.112274,115.995613
ARMADALE,6112,WA,Delivery Area,-32.152386,116.008274
BEDFORDALE,6112,WA,Delivery Area,-32.174419,116.050632
BROOKDALE,6112,WA,Delivery Area,-32.161249,115.981858
FORRESTDALE,6112,WA,Delivery Area,-32.152615,115.947869
MOUNT NASURA,6112,WA,Delivery Area,-32.136995,116.023577
MOUNT RICHON,6112,WA,Delivery Area,-32.159916,116.02069
SEVILLE GROVE,6112,WA,Delivery Area,-32.130572,115.999769
WUNGONG,6112,WA,Delivery Area,-32.173983,116.004872
OAKFORD,6121,WA,Delivery Area,-32.208934,115.916459
OLDBURY,6121,WA,Delivery Area,-32.26333,115.91556
BYFORD,6122,WA,Delivery Area,-32.221725,116.0072
CARDUP,6122,WA,Delivery Area,-32.24878,116.007817
DARLING DOWNS,6122,WA,Delivery Area,-32.181628,115.988324
KARRAKUP,6122,WA,Delivery Area,-32.22727,116.047243
MUNDIJONG,6123,WA,Delivery Area,-32.295176,115.98589
WHITBY,6123,WA,Delivery Area,-32.295719,116.010451
JARRAHDALE,6124,WA,Delivery Area,-32.338316,116.072494
HOPELAND,6125,WA,Delivery Area,-32.364427,115.901277
MARDELLA,6125,WA,Delivery Area,-32.331865,115.980909
SERPENTINE,6125,WA,Delivery Area,-32.363879,115.980218
KEYSBROOK,6126,WA,Delivery Area,-32.440033,115.977043
LANGFORD,6147,WA,Delivery Area,-32.043771,115.941353
LYNWOOD,6147,WA,Delivery Area,-32.036036,115.92724
PARKWOOD,6147,WA,Delivery Area,-32.038823,115.903602
FERNDALE,6148,WA,Delivery Area,-32.030183,115.924691
RIVERTON,6148,WA,Delivery Area,-32.033834,115.898698
ROSSMOYNE,6148,WA,Delivery Area,-32.037833,115.873185
SHELLEY,6148,WA,Delivery Area,-32.03061,115.885784
BULL CREEK,6149,WA,Delivery Area,-32.064941,115.858679
LEEMING,6149,WA,Delivery Area,-32.072785,115.864028
BATEMAN,6150,WA,Delivery Area,-32.059615,115.844417
MURDOCH,6150,WA,Delivery Area,-32.062085,115.832701
WINTHROP,6150,WA,Delivery Area,-32.058198,115.833071
KENSINGTON,6151,WA,Delivery Area,-31.987458,115.882958
SOUTH PERTH,6151,WA,Delivery Area,-31.980787,115.862829
SOUTH PERTH ANGELO ST,6151,WA,Delivery Area,-31.980787,115.862829
COMO,6152,WA,Delivery Area,-31.989651,115.870024
KARAWARA,6152,WA,Delivery Area,-32.011577,115.884019
MANNING,6152,WA,Delivery Area,-32.014654,115.868955
SALTER POINT,6152,WA,Delivery Area,-32.021149,115.862818
WATERFORD,6152,WA,Delivery Area,-32.016752,115.889226
APPLECROSS,6153,WA,Delivery Area,-32.0194,115.833223
ARDROSS,6153,WA,Delivery Area,-32.024879,115.841414
BRENTWOOD,6153,WA,Delivery Area,-32.041061,115.849787
MOUNT PLEASANT,6153,WA,Delivery Area,-32.026993,115.852264
ALFRED COVE,6154,WA,Delivery Area,-32.034236,115.808606
BOORAGOON,6154,WA,Delivery Area,-32.035854,115.832262
MYAREE,6154,WA,Delivery Area,-32.039938,115.815687
CANNING VALE,6155,WA,Delivery Area,-32.057985,115.918139
CANNING VALE SOUTH,6155,WA,Delivery Area,-32.070862,115.891717
WILLETTON,6155,WA,Delivery Area,-32.053151,115.88153
ATTADALE,6156,WA,Delivery Area,-32.02581,115.80135
MELVILLE,6156,WA,Delivery Area,-32.040539,115.803154
WILLAGEE,6156,WA,Delivery Area,-32.052398,115.79484
WILLAGEE CENTRAL,6156,WA,Delivery Area,-32.029998,115.81493
BICTON,6157,WA,Delivery Area,-32.02998,115.784534
PALMYRA,6157,WA,Delivery Area,-32.038738,115.776156
EAST FREMANTLE,6158,WA,Delivery Area,-32.044951,115.758095
NORTH FREMANTLE,6159,WA,Delivery Area,-32.029041,115.751874
FREMANTLE,6160,WA,Delivery Area,-32.035478,115.764573
ROTTNEST ISLAND,6161,WA,Delivery Area,-32.007488,115.503938
BEACONSFIELD,6162,WA,Delivery Area,-32.067527,115.764181
SOUTH FREMANTLE,6162,WA,Delivery Area,-32.073382,115.757971
WHITE GUM VALLEY,6162,WA,Delivery Area,-32.063415,115.767375
BIBRA LAKE,6163,WA,Delivery Area,-32.092963,115.837476
COOLBELLUP,6163,WA,Delivery Area,-32.083322,115.806839
HAMILTON HILL,6163,WA,Delivery Area,-32.075923,115.779829
KARDINYA,6163,WA,Delivery Area,-32.065373,115.812717
NORTH LAKE,6163,WA,Delivery Area,-32.082188,115.837953
O'CONNOR,6163,WA,Delivery Area,-32.056749,115.793484
SAMSON,6163,WA,Delivery Area,-32.070801,115.801244
SPEARWOOD,6163,WA,Delivery Area,-32.098599,115.782774
ATWELL,6164,WA,Delivery Area,-32.132801,115.860591
AUBIN GROVE,6164,WA,Delivery Area,-32.168408,115.861123
BANJUP,6164,WA,Delivery Area,-32.144192,115.88883
BEELIAR,6164,WA,Delivery Area,-32.131002,115.821672
COCKBURN CENTRAL,6164,WA,Delivery Area,-31.964866,115.801031
HAMMOND PARK,6164,WA,Delivery Area,-32.16833,115.85111
JANDAKOT,6164,WA,Delivery Area,-32.124515,115.853449
SOUTH LAKE,6164,WA,Delivery Area,-32.10647,115.828678
SUCCESS,6164,WA,Delivery Area,-32.156587,115.846431
YANGEBUP,6164,WA,Delivery Area,-32.123716,115.816654
HOPE VALLEY,6165,WA,Delivery Area,-32.190027,115.801492
NAVAL BASE,6165,WA,Delivery Area,-32.193793,115.782408
COOGEE,6166,WA,Delivery Area,-32.116146,115.76579
HENDERSON,6166,WA,Delivery Area,-32.156947,115.770125
MUNSTER,6166,WA,Delivery Area,-32.136418,115.788296
WATTLEUP,6166,WA,Delivery Area,-32.177194,115.794046
ANKETELL,6167,WA,Delivery Area,-32.227693,115.870492
BERTRAM,6167,WA,Delivery Area,-32.246881,115.847746
CALISTA,6167,WA,Delivery Area,-32.247262,115.806558
CASUARINA,6167,WA,Delivery Area,-32.237622,115.874563
KWINANA BEACH,6167,WA,Delivery Area,-32.227103,115.777134
KWINANA TOWN CENTRE,6167,WA,Delivery Area,-32.247665,115.813448
MANDOGALUP,6167,WA,Delivery Area,-32.202393,115.843039
MEDINA,6167,WA,Delivery Area,-32.234005,115.805381
ORELIA,6167,WA,Delivery Area,-32.234362,115.821088
PARMELIA,6167,WA,Delivery Area,-32.249242,115.825562
POSTANS,6167,WA,Delivery Area,-32.219729,115.805667
THE SPECTACLES,6167,WA,Delivery Area,-32.208998,115.839599
WANDI,6167,WA,Delivery Area,-32.19289,115.880469
COOLOONGUP,6168,WA,Delivery Area,-32.299743,115.762751
EAST ROCKINGHAM,6168,WA,Delivery Area,-32.258299,115.75087
GARDEN ISLAND,6168,WA,Delivery Area,-32.225759,115.686405
HILLMAN,6168,WA,Delivery Area,-32.280685,115.769932
PERON,6168,WA,Delivery Area,-32.278879,115.703147
ROCKINGHAM,6168,WA,Delivery Area,-32.288048,115.745967
ROCKINGHAM BEACH,6168,WA,Delivery Area,-32.273782,115.730352
SAFETY BAY,6169,WA,Delivery Area,-32.303433,115.711289
SHOALWATER,6169,WA,Delivery Area,-32.29554,115.710646
WAIKIKI,6169,WA,Delivery Area,-32.314919,115.75481
WARNBRO,6169,WA,Delivery Area,-32.344007,115.755943
LEDA,6170,WA,Delivery Area,-32.259689,115.805649
WELLARD,6170,WA,Delivery Area,-32.26089,115.846968
BALDIVIS,6171,WA,Delivery Area,-32.331964,115.821549
PORT KENNEDY,6172,WA,Delivery Area,-32.37547,115.753147
SECRET HARBOUR,6173,WA,Delivery Area,-32.402574,115.749186
GOLDEN BAY,6174,WA,Delivery Area,-32.429853,115.750353
SINGLETON,6175,WA,Delivery Area,-32.445807,115.757022
KARNUP,6176,WA,Delivery Area,-32.364374,115.909164
LAKELANDS,6180,WA,Delivery Area,-31.776998,115.86075
PARKLANDS,6180,WA,Delivery Area,-32.036237,115.892125
MYARA,6207,WA,Delivery Area,-32.487206,116.068209
NAMBEELUP,6207,WA,Delivery Area,-32.50722,115.86806
NORTH DANDALUP,6207,WA,Delivery Area,-32.519317,115.971299
SOLUS,6207,WA,Delivery Area,-32.520513,116.181941
WHITTAKER,6207,WA,Delivery Area,-32.55111,116.05083
BLYTHEWOOD,6208,WA,Delivery Area,-32.644372,115.873516
FAIRBRIDGE,6208,WA,Delivery Area,-32.596708,115.925936
MEELON,6208,WA,Delivery Area,-32.682457,115.927288
NIRIMBA,6208,WA,Delivery Area,-32.633742,115.779033
NORTH YUNDERUP,6208,WA,Delivery Area,-32.575937,115.791844
OAKLEY,6208,WA,Delivery Area,-32.617084,115.922708
PINJARRA,6208,WA,Delivery Area,-32.628562,115.875029
POINT GREY,6208,WA,Delivery Area,-32.658302,115.696413
RAVENSWOOD,6208,WA,Delivery Area,-32.561246,115.878117
SOUTH YUNDERUP,6208,WA,Delivery Area,-32.585445,115.793317
WEST PINJARRA,6208,WA,Delivery Area,-32.64282,115.812402
FURNISSDALE,6209,WA,Delivery Area,-32.561118,115.771132
COODANUP,6210,WA,Delivery Area,-32.550988,115.751804
DUDLEY PARK,6210,WA,Delivery Area,-32.540594,115.725353
ERSKINE,6210,WA,Delivery Area,-32.557169,115.706571
FALCON,6210,WA,Delivery Area,-32.589738,115.647291
GREENFIELDS,6210,WA,Delivery Area,-32.520075,115.758778
HALLS HEAD,6210,WA,Delivery Area,-32.549355,115.682764
MADORA BAY,6210,WA,Delivery Area,-32.465347,115.751528
MANDURAH,6210,WA,Delivery Area,-32.53301,115.732537
MANDURAH EAST,6210,WA,Delivery Area,-32.515318,115.74106
MANDURAH NORTH,6210,WA,Delivery Area,-32.515318,115.74106
MEADOW SPRINGS,6210,WA,Delivery Area,-32.494802,115.751392
SAN REMO,6210,WA,Delivery Area,-32.4889,115.743998
SILVER SANDS,6210,WA,Delivery Area,-32.510602,115.732823
WANNANUP,6210,WA,Delivery Area,-32.598055,115.643883
BOUVARD,6211,WA,Delivery Area,-32.693999,115.654696
CLIFTON,6211,WA,Delivery Area,-28.614884,118.83081
DAWESVILLE,6211,WA,Delivery Area,-32.634691,115.634411
HERRON,6211,WA,Delivery Area,-32.74251,115.878781
BANKSIADALE,6213,WA,Delivery Area,-32.623155,116.084814
DWELLINGUP,6213,WA,Delivery Area,-32.71442,116.061965
ETMILYN,6213,WA,Delivery Area,-32.765,116.14
HOLYOAKE,6213,WA,Delivery Area,-32.69861,116.11278
INGLEHOPE,6213,WA,Delivery Area,-32.71667,116.17917
MARRINUP,6213,WA,Delivery Area,-32.705206,116.019224
TEESDALE,6213,WA,Delivery Area,-32.73083,116.00944
BIRCHMONT,6214,WA,Delivery Area,-32.725337,115.758098
COOLUP,6214,WA,Delivery Area,-32.739989,115.874527
WEST COOLUP,6214,WA,Delivery Area,-32.764579,115.776028
HAMEL,6215,WA,Delivery Area,-32.880761,115.92388
LAKE CLIFTON,6215,WA,Delivery Area,-32.817873,115.719196
NANGA BROOK,6215,WA,Delivery Area,-32.803149,116.069663
PRESTON BEACH,6215,WA,Delivery Area,-32.880004,115.656664
WAGERUP,6215,WA,Delivery Area,-32.908363,115.898169
WAROONA,6215,WA,Delivery Area,-32.845063,115.922431
YARLOOP,6218,WA,Delivery Area,-32.955564,115.899665
COOKERNUP,6220,WA,Delivery Area,-32.996681,115.893629
HARVEY,6220,WA,Delivery Area,-33.080437,115.895898
HOFFMAN,6220,WA,Delivery Area,-33.008891,116.053942
MYALUP,6220,WA,Delivery Area,-33.067582,115.728262
UDUC,6220,WA,Delivery Area,-33.05361,115.82306
WARAWARRUP,6220,WA,Delivery Area,-33.052241,115.907804
MORNINGTON,6221,WA,Delivery Area,-33.14636,115.943364
WOKALUP,6221,WA,Delivery Area,-33.108122,115.882848
BENGER,6223,WA,Delivery Area,-33.174244,115.862901
BEELA,6224,WA,Delivery Area,-33.234958,115.914238
BRUNSWICK,6224,WA,Delivery Area,-33.25194,115.82028
ALLANSON,6225,WA,Delivery Area,-33.337529,116.098061
BOWELLING,6225,WA,Delivery Area,-33.421147,116.483355
BUCKINGHAM,6225,WA,Delivery Area,-33.4063,116.34121
CARDIFF,6225,WA,Delivery Area,-33.440915,116.205842
COLLIE,6225,WA,Delivery Area,-33.359907,116.15258
COLLIE BURN,6225,WA,Delivery Area,-33.400917,116.163606
HARRIS RIVER,6225,WA,Delivery Area,-33.268212,116.147264
LYALLS MILL,6225,WA,Delivery Area,-33.449443,116.119533
MCALINDEN,6225,WA,Delivery Area,-33.563589,116.304142
MUJA,6225,WA,Delivery Area,-33.402733,116.336929
MUMBALLUP,6225,WA,Delivery Area,-33.52813,116.114082
MUNGALUP,6225,WA,Delivery Area,-33.395233,116.108176
NOGGERUP,6225,WA,Delivery Area,-33.590764,116.186318
PALMER,6225,WA,Delivery Area,-33.305754,116.252061
PRESTON SETTLEMENT,6225,WA,Delivery Area,-33.412923,116.157778
SHOTTS,6225,WA,Delivery Area,-33.3809,116.274586
WORSLEY,6225,WA,Delivery Area,-33.308271,116.006431
YOURDAMUNG LAKE,6225,WA,Delivery Area,-33.207247,116.234852
ROELANDS,6226,WA,Delivery Area,-33.290377,115.827524
BUREKUP,6227,WA,Delivery Area,-33.309543,115.809665
WATERLOO,6228,WA,Delivery Area,-33.336552,115.771383
PICTON,6229,WA,Delivery Area,-33.351411,115.69276
PICTON EAST,6229,WA,Delivery Area,-33.343751,115.716811
BUNBURY,6230,WA,Delivery Area,-33.327112,115.636993
CAREY PARK,6230,WA,Delivery Area,-33.35278,115.642023
COLLEGE GROVE,6230,WA,Delivery Area,-33.379246,115.646172
DALYELLUP,6230,WA,Delivery Area,-33.420325,115.621784
DAVENPORT,6230,WA,Delivery Area,-33.360944,115.672305
EAST BUNBURY,6230,WA,Delivery Area,-33.332191,115.667822
GELORUP,6230,WA,Delivery Area,-33.416309,115.637529
GLEN IRIS,6230,WA,Delivery Area,-33.339836,115.672549
PELICAN POINT,6230,WA,Delivery Area,-33.318565,115.689909
SOUTH BUNBURY,6230,WA,Delivery Area,-33.336104,115.640309
USHER,6230,WA,Delivery Area,-33.377077,115.646766
VITTORIA,6230,WA,Delivery Area,-33.32083,115.66917
WITHERS,6230,WA,Delivery Area,-33.365605,115.627742
EATON,6232,WA,Delivery Area,-33.316625,115.704263
MILLBRIDGE,6232,WA,Delivery Area,-33.310329,115.729432
AUSTRALIND,6233,WA,Delivery Area,-33.279034,115.71443
BINNINGUP,6233,WA,Delivery Area,-33.150003,115.688213
LESCHENAULT,6233,WA,Delivery Area,-33.237085,115.734262
PARKFIELD,6233,WA,Delivery Area,-33.184142,115.716872
WELLESLEY,6233,WA,Delivery Area,-33.18667,115.75111
CROOKED BROOK,6236,WA,Delivery Area,-33.46778,115.80944
DARDANUP,6236,WA,Delivery Area,-33.398065,115.753847
DARDANUP WEST,6236,WA,Delivery Area,-33.39556,115.72139
HENTY,6236,WA,Delivery Area,-33.37722,115.83
PARADISE,6236,WA,Delivery Area,-33.364519,115.771404
WELLINGTON FOREST,6236,WA,Delivery Area,-33.43444,115.96028
WELLINGTON MILL,6236,WA,Delivery Area,-33.47139,115.91361
BOYANUP,6237,WA,Delivery Area,-33.482745,115.727734
ELGIN,6237,WA,Delivery Area,-33.497328,115.634202
GWINDINUP,6237,WA,Delivery Area,-33.513096,115.743509
NORTH BOYANUP,6237,WA,Delivery Area,-33.43111,115.68889
STRATHAM,6237,WA,Delivery Area,-33.470393,115.59402
THE PLAINS,6237,WA,Delivery Area,-33.5575,115.69222
ARGYLE,6239,WA,Delivery Area,-33.548215,115.766342
BEELERUP,6239,WA,Delivery Area,-33.565249,115.854735
BROOKHAMPTON,6239,WA,Delivery Area,-33.634814,115.917234
CHARLEY CREEK,6239,WA,Delivery Area,-33.58139,115.90694
DONNYBROOK,6239,WA,Delivery Area,-33.576343,115.825752
GLEN MERVYN,6239,WA,Delivery Area,-33.530623,116.068639
PAYNEDALE,6239,WA,Delivery Area,-33.655914,115.751226
QUEENWOOD,6239,WA,Delivery Area,-33.53861,115.90417
THOMSON BROOK,6239,WA,Delivery Area,-33.61806,115.97389
UPPER CAPEL,6239,WA,Delivery Area,-33.64861,115.81889
YABBERUP,6239,WA,Delivery Area,-33.538556,116.012528
LOWDEN,6240,WA,Delivery Area,-33.557507,115.986161
WILGA,6243,WA,Delivery Area,-33.702847,116.285351
WILGA WEST,6243,WA,Delivery Area,-33.72167,116.15667
BOYUP BROOK,6244,WA,Delivery Area,-33.832927,116.388416
CHOWERUP,6244,WA,Delivery Area,-34.085494,116.685475
DINNINUP,6244,WA,Delivery Area,-33.796198,116.619958
KULIKUP,6244,WA,Delivery Area,-33.812809,116.674365
MAYANUP,6244,WA,Delivery Area,-33.931458,116.471616
SCOTTS BROOK,6244,WA,Delivery Area,-33.97028,116.65139
TONEBRIDGE,6244,WA,Delivery Area,-34.244649,116.701684
BRAZIER,6251,WA,Delivery Area,-33.76806,115.82778
KIRUP,6251,WA,Delivery Area,-33.708016,115.893509
NEWLANDS,6251,WA,Delivery Area,-33.671487,115.878445
MULLALYUP,6252,WA,Delivery Area,-33.745171,115.946029
BALINGUP,6253,WA,Delivery Area,-33.786518,115.98381
GRIMWADE,6253,WA,Delivery Area,-33.699786,116.04874
SOUTHAMPTON,6253,WA,Delivery Area,-33.85056,115.94889
GREENBUSHES,6254,WA,Delivery Area,-33.848791,116.058769
NORTH GREENBUSHES,6254,WA,Delivery Area,-33.815,116.05694
BENJINUP,6255,WA,Delivery Area,-33.79361,116.29583
BRIDGETOWN,6255,WA,Delivery Area,-33.95676,116.137103
CATTERICK,6255,WA,Delivery Area,-33.82611,116.145
HESTER,6255,WA,Delivery Area,-33.9103,116.151666
HESTER BROOK,6255,WA,Delivery Area,-33.91556,116.09472
KANGAROO GULLY,6255,WA,Delivery Area,-33.96194,116.19861
WINNEJUP,6255,WA,Delivery Area,-33.966651,116.320487
GLENLYNN,6256,WA,Delivery Area,-34.00511,116.15389
KINGSTON,6256,WA,Delivery Area,-34.08273,116.365072
MARANUP,6256,WA,Delivery Area,-33.955,116.01194
SUNNYSIDE,6256,WA,Delivery Area,-34.026806,116.25222
WANDILLUP,6256,WA,Delivery Area,-34.04028,116.05333
YORNUP,6256,WA,Delivery Area,-34.040506,116.163241
BALBARRUP,6258,WA,Delivery Area,-34.227522,116.203528
CROWEA,6258,WA,Delivery Area,-34.581777,116.067642
DEANMILL,6258,WA,Delivery Area,-34.25157,116.083107
DIAMOND TREE,6258,WA,Delivery Area,-34.368604,116.109197
DINGUP,6258,WA,Delivery Area,-34.258355,116.187761
DIXVALE,6258,WA,Delivery Area,-34.208925,116.052428
DONNELLY RIVER,6258,WA,Delivery Area,-34.09222,115.94556
GLENORAN,6258,WA,Delivery Area,-34.22488,115.996853
JARDEE,6258,WA,Delivery Area,-34.304858,116.119104
LAKE MUIR,6258,WA,Delivery Area,-34.463088,116.687625
LINFARNE,6258,WA,Delivery Area,-34.176537,116.114751
MANJIMUP,6258,WA,Delivery Area,-34.243007,116.144747
MIDDLESEX,6258,WA,Delivery Area,-34.327383,116.170292
MORDALUP,6258,WA,Delivery Area,-34.308329,116.699032
PALGARUP,6258,WA,Delivery Area,-34.161816,116.185999
PERUP,6258,WA,Delivery Area,-34.195223,116.502563
QUINNINUP,6258,WA,Delivery Area,-34.427669,116.25452
RINGBARK,6258,WA,Delivery Area,-34.219798,116.123987
SMITH BROOK,6258,WA,Delivery Area,-34.348879,116.173555
UPPER WARREN,6258,WA,Delivery Area,-34.335415,116.253086
WILGARRUP,6258,WA,Delivery Area,-34.137937,116.206319
YANMAH,6258,WA,Delivery Area,-34.179538,116.019509
BEEDELUP,6260,WA,Delivery Area,-34.349615,115.935794
BIDDELIA,6260,WA,Delivery Area,-34.23861,115.73722
CALLCUP,6260,WA,Delivery Area,-34.589211,115.955321
CHANNYBEARUP,6260,WA,Delivery Area,-34.402486,115.98019
COLLINS,6260,WA,Delivery Area,-34.413389,116.104813
EASTBROOK,6260,WA,Delivery Area,-34.393859,116.087992
LAKE JASPER,6260,WA,Delivery Area,-34.39889,115.67278
PEERABEELUP,6260,WA,Delivery Area,-34.32056,115.76472
PEMBERTON,6260,WA,Delivery Area,-34.444633,116.0349
YEAGARUP,6260,WA,Delivery Area,-34.499083,115.898608
BOORARA BROOK,6262,WA,Delivery Area,-34.686036,116.213448
MEERUP,6262,WA,Delivery Area,-34.726922,115.954888
NORTHCLIFFE,6262,WA,Delivery Area,-34.633084,116.124207
SHANNON,6262,WA,Delivery Area,-34.69666,116.517111
WINDY HARBOUR,6262,WA,Delivery Area,-34.834694,116.025553
CAPEL,6271,WA,Delivery Area,-33.557565,115.558897
CAPEL RIVER,6271,WA,Delivery Area,-33.64722,115.66944
FORREST BEACH,6271,WA,Delivery Area,-33.57028,115.47139
PEPPERMINT GROVE BEACH,6271,WA,Delivery Area,-33.527945,115.506243
STIRLING ESTATE,6271,WA,Delivery Area,-33.51944,115.53667
BARRABUP,6275,WA,Delivery Area,-33.836425,115.66169
CARLOTTA,6275,WA,Delivery Area,-34.096977,115.778516
CUNDINUP,6275,WA,Delivery Area,-33.85763,115.795915
DARRADUP,6275,WA,Delivery Area,-34.098682,115.564009
EAST NANNUP,6275,WA,Delivery Area,-34.03111,115.85417
JALBARRAGUP,6275,WA,Delivery Area,-34.044101,115.611612
JARRAHWOOD,6275,WA,Delivery Area,-33.794677,115.663266
NANNUP,6275,WA,Delivery Area,-33.979282,115.764465
SCOTT RIVER EAST,6275,WA,Delivery Area,-34.26222,115.49306
YOGANUP,6275,WA,Delivery Area,-33.73889,115.63722
ABBA RIVER,6280,WA,Delivery Area,-33.684878,115.463341
ABBEY,6280,WA,Delivery Area,-33.660771,115.258627
ACTON PARK,6280,WA,Delivery Area,-33.77704,115.374369
AMBERGATE,6280,WA,Delivery Area,-33.711626,115.326277
ANNIEBROOK,6280,WA,Delivery Area,-33.664807,115.150875
BOALLIA,6280,WA,Delivery Area,-33.802896,115.267634
BOVELL,6280,WA,Delivery Area,-33.679575,115.357202
BROADWATER,6280,WA,Delivery Area,-33.66012,115.282464
BUSSELTON,6280,WA,Delivery Area,-33.650546,115.347032
CARBUNUP RIVER,6280,WA,Delivery Area,-33.69934,115.189061
CHAPMAN HILL,6280,WA,Delivery Area,-33.77833,115.32722
GEOGRAPHE,6280,WA,Delivery Area,-33.644942,115.368147
HITHERGREEN,6280,WA,Delivery Area,-33.715526,115.501692
JINDONG,6280,WA,Delivery Area,-33.751545,115.234647
KALGUP,6280,WA,Delivery Area,-33.726573,115.375204
KALOORUP,6280,WA,Delivery Area,-33.762616,115.240274
KEALY,6280,WA,Delivery Area,-33.656935,115.229307
LUDLOW,6280,WA,Delivery Area,-33.605414,115.475394
MARYBROOK,6280,WA,Delivery Area,-33.65944,115.2
METRICUP,6280,WA,Delivery Area,-33.774922,115.135877
NORTH JINDONG,6280,WA,Delivery Area,-33.734368,115.162124
REINSCOURT,6280,WA,Delivery Area,-33.658176,115.384034
RUABON,6280,WA,Delivery Area,-33.646127,115.505538
SABINA RIVER,6280,WA,Delivery Area,-33.75278,115.425
SIESTA PARK,6280,WA,Delivery Area,-33.653046,115.211371
TUTUNUP,6280,WA,Delivery Area,-33.661278,115.556437
VASSE,6280,WA,Delivery Area,-33.685528,115.279541
WALSALL,6280,WA,Delivery Area,-33.804963,115.386712
WEST BUSSELTON,6280,WA,Delivery Area,-33.655935,115.322716
WILYABRUP,6280,WA,Delivery Area,-33.79556,115.04611
WONNERUP,6280,WA,Delivery Area,-33.618043,115.422173
YALYALUP,6280,WA,Delivery Area,-33.700026,115.474645
YELVERTON,6280,WA,Delivery Area,-33.748593,115.118288
YOONGARILLUP,6280,WA,Delivery Area,-33.72362,115.436166
DUNSBOROUGH,6281,WA,Delivery Area,-33.615893,115.10657
EAGLE BAY,6281,WA,Delivery Area,-33.557341,115.059921
NATURALISTE,6281,WA,Delivery Area,-33.57917,115.048962
QUEDJINUP,6281,WA,Delivery Area,-33.620679,115.093632
QUINDALUP,6281,WA,Delivery Area,-33.628752,115.124841
YALLINGUP,6282,WA,Delivery Area,-33.645861,115.032126
YALLINGUP SIDING,6282,WA,Delivery Area,-33.69389,115.10222
BAUDIN,6284,WA,Delivery Area,-33.865006,115.424214
COWARAMUP,6284,WA,Delivery Area,-33.851278,115.102503
GRACETOWN,6284,WA,Delivery Area,-33.86726,114.985866
TREETON,6284,WA,Delivery Area,-33.882252,115.206488
BRAMLEY,6285,WA,Delivery Area,-33.913943,115.025727
BURNSIDE,6285,WA,Delivery Area,-33.913319,115.045594
GNARABUP,6285,WA,Delivery Area,-33.991578,114.993979
MARGARET RIVER,6285,WA,Delivery Area,-33.95103,115.073828
OSMINGTON,6285,WA,Delivery Area,-33.920959,115.205951
PREVELLY,6285,WA,Delivery Area,-33.98509,114.996794
ROSA BROOK,6285,WA,Delivery Area,-33.944394,115.185246
ROSA GLEN,6285,WA,Delivery Area,-33.995279,115.19122
SCHROEDER,6285,WA,Delivery Area,-34.01611,115.34139
BORANUP,6286,WA,Delivery Area,-34.13139,115.05389
FOREST GROVE,6286,WA,Delivery Area,-34.072332,115.106874
REDGATE,6286,WA,Delivery Area,-34.02472,115.028189
WITCHCLIFFE,6286,WA,Delivery Area,-34.02613,115.099003
ALEXANDRA BRIDGE,6288,WA,Delivery Area,-34.160621,115.199569
COURTENAY,6288,WA,Delivery Area,-34.183626,115.270622
HAMELIN BAY,6288,WA,Delivery Area,-34.228331,115.055972
KARRIDALE,6288,WA,Delivery Area,-34.173025,115.097095
NILLUP,6288,WA,Delivery Area,-34.13663,115.255715
SCOTT RIVER,6288,WA,Delivery Area,-34.259722,115.27052
WARNER GLEN,6288,WA,Delivery Area,-34.126314,115.21619
AUGUSTA,6290,WA,Delivery Area,-34.315942,115.159731
DEEPDENE,6290,WA,Delivery Area,-34.266983,115.080832
EAST AUGUSTA,6290,WA,Delivery Area,-34.314288,115.172155
KUDARDUP,6290,WA,Delivery Area,-34.262727,115.123987
LEEUWIN,6290,WA,Delivery Area,-34.313229,115.118909
MOLLOY ISLAND,6290,WA,Delivery Area,-34.268422,115.209679
BADGIN,6302,WA,Delivery Area,-31.846267,117.011892
BALLADONG,6302,WA,Delivery Area,-31.908946,116.732848
BURGES,6302,WA,Delivery Area,-31.810516,116.784861
CALJIE,6302,WA,Delivery Area,-31.728493,116.9394
COLD HARBOUR,6302,WA,Delivery Area,-31.87139,116.82833
DALIAK,6302,WA,Delivery Area,-31.87861,116.71944
FLINT,6302,WA,Delivery Area,-32.19472,116.46139
FLYNN,6302,WA,Delivery Area,-32.086882,116.319639
GILGERING,6302,WA,Delivery Area,-32.0175,116.80972
GREENHILLS,6302,WA,Delivery Area,-31.929378,116.950094
GWAMBYGINE,6302,WA,Delivery Area,-31.981236,116.802855
INKPEN,6302,WA,Delivery Area,-31.84409,116.585052
KAURING,6302,WA,Delivery Area,-31.93111,117.02194
MALEBELLING,6302,WA,Delivery Area,-31.830795,116.915415
MOUNT HARDEY,6302,WA,Delivery Area,-31.92,116.8525
MOUNT OBSERVATION,6302,WA,Delivery Area,-31.901642,116.572256
NARRALOGGAN,6302,WA,Delivery Area,-31.87083,117.075
QUELLINGTON,6302,WA,Delivery Area,-31.81043,116.82864
ST RONANS,6302,WA,Delivery Area,-31.89556,116.66028
TALBOT,6302,WA,Delivery Area,-32.025,116.65778
TALBOT WEST,6302,WA,Delivery Area,-32.13,116.69944
WILBERFORCE,6302,WA,Delivery Area,-31.79167,116.70306
YORK,6302,WA,Delivery Area,-31.88794,116.768389
BALLY BALLY,6304,WA,Delivery Area,-32.183978,117.116351
BEVERLEY,6304,WA,Delivery Area,-32.108893,116.925271
DALE,6304,WA,Delivery Area,-32.22167,116.73722
EAST BEVERLEY,6304,WA,Delivery Area,-32.027923,117.084645
KOKEBY,6304,WA,Delivery Area,-32.211198,116.976175
MORBINNING,6304,WA,Delivery Area,-32.115,117.175
WESTDALE,6304,WA,Delivery Area,-32.307578,116.623508
ALDERSYDE,6306,WA,Delivery Area,-32.374225,117.305815
BROOKTON,6306,WA,Delivery Area,-32.368424,117.010464
BULYEE,6306,WA,Delivery Area,-32.369268,117.538229
JELCOBINE,6306,WA,Delivery Area,-32.40694,116.76611
KWEDA,6306,WA,Delivery Area,-32.37693,117.412483
CODJATOTINE,6308,WA,Delivery Area,-32.67944,116.82194
DWARDA,6308,WA,Delivery Area,-32.770102,116.677537
EAST PINGELLY,6308,WA,Delivery Area,-32.51028,117.14639
GILLIMANNING,6308,WA,Delivery Area,-32.67083,117.45
HASTINGS,6308,WA,Delivery Area,-32.552123,116.824508
PINGELLY,6308,WA,Delivery Area,-32.534019,117.084134
PUMPHREYS BRIDGE,6308,WA,Delivery Area,-32.662258,116.906052
SPRINGS,6308,WA,Delivery Area,-32.55194,116.58167
WANDERING,6308,WA,Delivery Area,-32.677364,116.673394
WEST PINGELLY,6308,WA,Delivery Area,-32.57656,117.001485
EAST POPANYINNING,6309,WA,Delivery Area,-32.63306,117.26028
POPANYINNING,6309,WA,Delivery Area,-32.660529,117.123393
STRATHERNE,6309,WA,Delivery Area,-32.65167,117.34806
WEST POPANYINNING,6309,WA,Delivery Area,-32.67861,117.02667
COMMODINE,6311,WA,Delivery Area,-32.76556,117.31056
CONTINE,6311,WA,Delivery Area,-32.82056,117.02139
CUBALLING,6311,WA,Delivery Area,-32.81846,117.180056
DRYANDRA,6311,WA,Delivery Area,-32.77306,117.02111
LOL GRAY,6311,WA,Delivery Area,-32.73472,117.02444
TOWNSENDALE,6311,WA,Delivery Area,-32.69806,117.31528
WARDERING,6311,WA,Delivery Area,-32.84028,117.30222
YORNANING,6311,WA,Delivery Area,-32.741514,117.163605
BOUNDAIN,6312,WA,Delivery Area,-32.946718,117.363191
DUMBERNING,6312,WA,Delivery Area,-32.99167,117.10278
HILLSIDE,6312,WA,Delivery Area,-32.90861,117.19806
MINIGIN,6312,WA,Delivery Area,-32.92528,117.0575
NARROGIN,6312,WA,Delivery Area,-32.933423,117.176404
NARROGIN VALLEY,6312,WA,Delivery Area,-32.96333,117.23861
NOMANS LAKE,6312,WA,Delivery Area,-32.972467,117.510214
TOOLIBIN,6312,WA,Delivery Area,-32.957994,117.646527
YILLIMINNING,6312,WA,Delivery Area,-32.874505,117.466576
HIGHBURY,6313,WA,Delivery Area,-33.058981,117.148126
ARTHUR RIVER,6315,WA,Delivery Area,-33.338053,117.034172
BALLAYING,6315,WA,Delivery Area,-33.307298,117.557807
CANCANNING,6315,WA,Delivery Area,-33.11528,117.58667
COLLANILLING,6315,WA,Delivery Area,-33.24306,117.53444
DONGOLOCKING,6315,WA,Delivery Area,-33.16057,117.769766
GUNDARING,6315,WA,Delivery Area,-33.32556,117.49333
JALORAN,6315,WA,Delivery Area,-33.17917,117.42833
LIME LAKE,6315,WA,Delivery Area,-33.422821,117.376739
MINDING,6315,WA,Delivery Area,-33.28639,117.17139
PIESSEVILLE,6315,WA,Delivery Area,-33.193849,117.286361
WAGIN,6315,WA,Delivery Area,-33.308727,117.344016
WEDGECARRUP,6315,WA,Delivery Area,-33.41917,117.19139
BOYERINE,6316,WA,Delivery Area,-33.497786,117.410324
CARTMETICUP,6316,WA,Delivery Area,-33.47,117.5175
GLENCOE,6316,WA,Delivery Area,-33.46111,117.62528
KENMARE,6316,WA,Delivery Area,-33.57083,117.18861
WESTWOOD,6316,WA,Delivery Area,-33.577648,117.349116
WOODANILLING,6316,WA,Delivery Area,-33.563303,117.42386
BADGEBUP,6317,WA,Delivery Area,-33.633615,117.898909
BULLOCK HILLS,6317,WA,Delivery Area,-33.411194,117.694828
CARROLUP,6317,WA,Delivery Area,-33.68361,117.37667
COBLININE,6317,WA,Delivery Area,-33.5975,117.70333
COYRECUP,6317,WA,Delivery Area,-33.67806,117.83
DATATINE,6317,WA,Delivery Area,-33.39667,117.80083
EWLYAMARTUP,6317,WA,Delivery Area,-33.692317,117.688458
KATANNING,6317,WA,Delivery Area,-33.69004,117.556224
MARRACOONDA,6317,WA,Delivery Area,-33.66694,117.46333
MOOJEBING,6317,WA,Delivery Area,-33.610783,117.551321
MURDONG,6317,WA,Delivery Area,-33.7425,117.57694
PINWERNYING,6317,WA,Delivery Area,-33.6689,117.548185
SOUTH DATATINE,6317,WA,Delivery Area,-33.48472,117.86528
SOUTH GLENCOE,6317,WA,Delivery Area,-33.53083,117.66194
BROOMEHILL,6318,WA,Delivery Area,-33.845435,117.638574
BROOMEHILL EAST,6318,WA,Delivery Area,-33.87778,117.76722
BROOMEHILL WEST,6318,WA,Delivery Area,-33.87722,117.47917
BOBALONG,6320,WA,Delivery Area,-34.00806,117.56389
BORDERDALE,6320,WA,Delivery Area,-34.05222,117.39833
DARTNALL,6320,WA,Delivery Area,-34.02944,117.75167
LAKE TOOLBRUNUP,6320,WA,Delivery Area,-34.130414,117.862996
MOONIES HILL,6320,WA,Delivery Area,-34.07201,117.538321
TAMBELLUP,6320,WA,Delivery Area,-34.043141,117.640948
WANSBROUGH,6320,WA,Delivery Area,-34.17556,117.74667
CRANBROOK,6321,WA,Delivery Area,-34.295645,117.555407
TENTERDEN,6322,WA,Delivery Area,-34.364235,117.560022
KENDENUP,6323,WA,Delivery Area,-34.498674,117.588587
DENBARKER,6324,WA,Delivery Area,-34.715092,117.509062
FOREST HILL,6324,WA,Delivery Area,-34.569923,117.470022
MOUNT BARKER,6324,WA,Delivery Area,-34.626293,117.661825
PERILLUP,6324,WA,Delivery Area,-34.574085,117.245031
PORONGURUP,6324,WA,Delivery Area,-34.664819,117.952179
SOUTH STIRLING,6324,WA,Delivery Area,-34.580166,118.210065
TAKALARUP,6324,WA,Delivery Area,-34.573501,118.11308
WOOGENELLUP,6324,WA,Delivery Area,-34.536207,117.895548
NARRIKUP,6326,WA,Delivery Area,-34.774109,117.700334
REDMOND,6327,WA,Delivery Area,-34.886188,117.693365
REDMOND WEST,6327,WA,Delivery Area,-34.90556,117.55444
CHEYNES,6328,WA,Delivery Area,-34.842731,118.342052
GNOWELLEN,6328,WA,Delivery Area,-34.397631,118.576822
GREEN RANGE,6328,WA,Delivery Area,-34.712831,118.363247
KOJANEERUP SOUTH,6328,WA,Delivery Area,-34.51278,118.39806
MANYPEAKS,6328,WA,Delivery Area,-34.845064,118.152515
METTLER,6328,WA,Delivery Area,-34.586836,118.444519
PALMDALE,6328,WA,Delivery Area,-34.70889,118.13639
WELLSTEAD,6328,WA,Delivery Area,-34.495234,118.601418
ALBANY,6330,WA,Delivery Area,-35.023873,117.883543
BAYONET HEAD,6330,WA,Delivery Area,-34.981457,117.926857
BIG GROVE,6330,WA,Delivery Area,-35.086149,117.890104
BORNHOLM,6330,WA,Delivery Area,-35.053773,117.572162
COLLINGWOOD HEIGHTS,6330,WA,Delivery Area,-34.998503,117.91723
COLLINGWOOD PARK,6330,WA,Delivery Area,-35.006422,117.922899
CUTHBERT,6330,WA,Delivery Area,-35.031807,117.848856
DROME,6330,WA,Delivery Area,-34.93778,117.77333
ELLEKER,6330,WA,Delivery Area,-35.008021,117.726463
EMU POINT,6330,WA,Delivery Area,-34.997769,117.938467
FRENCHMAN BAY,6330,WA,Delivery Area,-35.093112,117.950382
GLEDHOW,6330,WA,Delivery Area,-35.012068,117.813465
GOODE BEACH,6330,WA,Delivery Area,-35.086166,117.93715
GREEN VALLEY,6330,WA,Delivery Area,-34.87583,117.8175
KALGAN,6330,WA,Delivery Area,-34.947852,118.012751
KING RIVER,6330,WA,Delivery Area,-34.918177,117.916613
KRONKUP,6330,WA,Delivery Area,-35.036835,117.623918
LANGE,6330,WA,Delivery Area,-34.991548,117.892759
LITTLE GROVE,6330,WA,Delivery Area,-35.071077,117.870279
LOCKYER,6330,WA,Delivery Area,-35.007091,117.861918
LOWER KING,6330,WA,Delivery Area,-34.950916,117.942404
LOWLANDS,6330,WA,Delivery Area,-35.06139,117.50194
MARBELUP,6330,WA,Delivery Area,-34.98167,117.72972
MCKAIL,6330,WA,Delivery Area,-34.999117,117.827228
MIDDLETON BEACH,6330,WA,Delivery Area,-35.022473,117.915146
MILLBROOK,6330,WA,Delivery Area,-34.902628,117.869304
MILPARA,6330,WA,Delivery Area,-34.988147,117.875865
MIRA MAR,6330,WA,Delivery Area,-35.015434,117.893423
MOUNT CLARENCE,6330,WA,Delivery Area,-35.030332,117.897917
MOUNT ELPHINSTONE,6330,WA,Delivery Area,-35.023451,117.858173
MOUNT MELVILLE,6330,WA,Delivery Area,-35.027024,117.869311
NANARUP,6330,WA,Delivery Area,-34.979242,118.052244
NAPIER,6330,WA,Delivery Area,-34.787819,117.954471
NULLAKI,6330,WA,Delivery Area,-35.02667,117.40917
ORANA,6330,WA,Delivery Area,-35.001972,117.861215
PORT ALBANY,6330,WA,Delivery Area,-35.03498,117.905231
ROBINSON,6330,WA,Delivery Area,-35.03139,117.83472
SANDPATCH,6330,WA,Delivery Area,-35.045,117.78111
SEPPINGS,6330,WA,Delivery Area,-35.016988,117.912748
SPENCER PARK,6330,WA,Delivery Area,-35.008942,117.898431
TORBAY,6330,WA,Delivery Area,-35.020684,117.679444
TORNDIRRUP,6330,WA,Delivery Area,-35.056396,117.852226
VANCOUVER PENINSULA,6330,WA,Delivery Area,-35.05978,117.930597
WALMSLEY,6330,WA,Delivery Area,-34.983395,117.90408
WARRENUP,6330,WA,Delivery Area,-34.974494,117.87083
WEST CAPE HOWE,6330,WA,Delivery Area,-35.092197,117.626945
WILLYUNG,6330,WA,Delivery Area,-34.950687,117.856532
YAKAMIA,6330,WA,Delivery Area,-35.000513,117.874854
YOUNGS SIDING,6330,WA,Delivery Area,-35.011692,117.522413
BOW BRIDGE,6333,WA,Delivery Area,-34.967779,116.953419
DENMARK,6333,WA,Delivery Area,-34.961082,117.35302
HAY,6333,WA,Delivery Area,-34.9325,117.40222
HAZELVALE,6333,WA,Delivery Area,-34.917465,116.797792
KENTDALE,6333,WA,Delivery Area,-34.921573,117.050376
KORDABUP,6333,WA,Delivery Area,-34.92889,117.14972
MOUNT LINDESAY,6333,WA,Delivery Area,-34.827489,117.355583
MOUNT ROMANCE,6333,WA,Delivery Area,-34.81194,117.13472
NORNALUP,6333,WA,Delivery Area,-34.996712,116.879766
OCEAN BEACH,6333,WA,Delivery Area,-35.0202,117.326265
PARRYVILLE,6333,WA,Delivery Area,-35.00333,117.10389
PEACEFUL BAY,6333,WA,Delivery Area,-35.034329,116.931988
SCOTSDALE,6333,WA,Delivery Area,-34.90806,117.2825
SHADFORTH,6333,WA,Delivery Area,-34.96472,117.28278
TINGLEDALE,6333,WA,Delivery Area,-34.95889,116.88222
TRENT,6333,WA,Delivery Area,-34.913105,116.939578
WILLIAM BAY,6333,WA,Delivery Area,-34.993454,117.22511
GNOWANGERUP,6335,WA,Delivery Area,-33.937265,118.007915
JACKITUP,6335,WA,Delivery Area,-33.88917,118.09111
KEBARINGUP,6335,WA,Delivery Area,-34.024568,118.151275
PALLINUP,6335,WA,Delivery Area,-33.915,117.89139
COWALELLUP,6336,WA,Delivery Area,-34.095298,118.55156
MILLS LAKE,6336,WA,Delivery Area,-33.87194,118.56056
MINDARABIN,6336,WA,Delivery Area,-33.814277,118.363122
NEEDILUP,6336,WA,Delivery Area,-33.952817,118.721489
ONGERUP,6336,WA,Delivery Area,-33.961455,118.488632
TOOMPUP,6336,WA,Delivery Area,-34.049205,118.440635
FITZGERALD,6337,WA,Delivery Area,-33.753403,119.456942
GAIRDNER,6337,WA,Delivery Area,-34.213372,118.929334
JACUP,6337,WA,Delivery Area,-33.77833,119.28778
JERRAMUNGUP,6337,WA,Delivery Area,-33.941223,118.921812
WEST FITZGERALD,6337,WA,Delivery Area,-34.065324,119.594881
AMELUP,6338,WA,Delivery Area,-34.238467,118.220878
BORDEN,6338,WA,Delivery Area,-34.072244,118.264869
BOXWOOD HILL,6338,WA,Delivery Area,-34.363392,118.74435
BREMER BAY,6338,WA,Delivery Area,-34.392394,119.380815
MAGITUP,6338,WA,Delivery Area,-34.12222,118.20333
MONJEBUP,6338,WA,Delivery Area,-34.25306,118.5625
NALYERLUP,6338,WA,Delivery Area,-34.15778,118.4
NORTH STIRLINGS,6338,WA,Delivery Area,-34.21861,118.03333
STIRLING RANGE NATIONAL PARK,6338,WA,Delivery Area,-34.404353,118.041906
NYABING,6341,WA,Delivery Area,-33.54048,118.14862
PINGRUP,6343,WA,Delivery Area,-33.650048,118.51982
FITZGERALD RIVER NATIONAL PARK,6346,WA,Delivery Area,-34.065324,119.594881
JERDACUTTUP,6346,WA,Delivery Area,-33.600571,120.22958
RAVENSTHORPE,6346,WA,Delivery Area,-33.581822,120.044554
WEST RIVER,6346,WA,Delivery Area,-33.61889,119.58194
HOPETOUN,6348,WA,Delivery Area,-33.870761,120.164668
DUMBLEYUNG,6350,WA,Delivery Area,-33.314668,117.739924
NAIRIBIN,6350,WA,Delivery Area,-33.335502,117.913674
NIPPERING,6350,WA,Delivery Area,-33.300692,117.648712
MOULYINNING,6351,WA,Delivery Area,-33.189372,117.922069
NORTH MOULYINNING,6351,WA,Delivery Area,-33.10556,117.92694
KUKERIN,6352,WA,Delivery Area,-33.188072,118.084827
MERILUP,6352,WA,Delivery Area,-33.28083,118.29389
NORTH KUKERIN,6352,WA,Delivery Area,-33.09528,118.04694
SOUTH KUKERIN,6352,WA,Delivery Area,-33.22167,118.13778
BEENONG,6353,WA,Delivery Area,-33.015389,118.661885
BUNICHE,6353,WA,Delivery Area,-32.999107,118.827854
KUENDER,6353,WA,Delivery Area,-32.856285,118.509401
LAKE GRACE,6353,WA,Delivery Area,-33.100826,118.469997
MALLEE HILL,6353,WA,Delivery Area,-33.186101,118.670177
NEENDALING,6353,WA,Delivery Area,-33.115,118.34639
NORTH BURNGUP,6353,WA,Delivery Area,-32.811577,118.692251
NORTH LAKE GRACE,6353,WA,Delivery Area,-33.064543,118.469866
SOUTH LAKE GRACE,6353,WA,Delivery Area,-33.195252,118.470141
TARIN ROCK,6353,WA,Delivery Area,-33.110409,118.25985
DUNN ROCK,6355,WA,Delivery Area,-33.425931,119.524863
EAST NEWDEGATE,6355,WA,Delivery Area,-33.094862,119.275053
HOLT ROCK,6355,WA,Delivery Area,-32.665011,119.393495
LAKE BIDDY,6355,WA,Delivery Area,-33.020846,118.948303
LAKE CAMM,6355,WA,Delivery Area,-32.932156,119.611639
LITTLE ITALY,6355,WA,Delivery Area,-32.681997,119.142315
MAGENTA,6355,WA,Delivery Area,-33.41139,119.33167
MOUNT SHERIDAN,6355,WA,Delivery Area,-32.820881,119.146019
NEWDEGATE,6355,WA,Delivery Area,-33.095826,119.021624
SOUTH NEWDEGATE,6355,WA,Delivery Area,-33.217737,119.025576
VARLEY,6355,WA,Delivery Area,-32.796047,119.507877
LAKE KING,6356,WA,Delivery Area,-33.094628,119.661601
MOUNT MADDEN,6356,WA,Delivery Area,-33.234067,119.869657
PINGARING,6357,WA,Delivery Area,-32.755279,118.625704
KARLGARIN,6358,WA,Delivery Area,-32.497849,118.710042
FORRESTANIA,6359,WA,Delivery Area,-32.43944,119.7775
HYDEN,6359,WA,Delivery Area,-32.449455,118.864735
HARRISMITH,6361,WA,Delivery Area,-32.934005,117.883286
TINCURRIN,6361,WA,Delivery Area,-32.976514,117.77061
DUDININ,6363,WA,Delivery Area,-32.872391,117.902867
WALYURIN,6363,WA,Delivery Area,-32.950088,118.219796
JILAKIN,6365,WA,Delivery Area,-32.68361,118.43833
JITARNING,6365,WA,Delivery Area,-32.786236,117.998641
KULIN,6365,WA,Delivery Area,-32.669246,118.156041
KULIN WEST,6365,WA,Delivery Area,-32.61472,118.0475
KONDININ,6367,WA,Delivery Area,-32.495204,118.267818
SOUTH KUMMININ,6368,WA,Delivery Area,-32.206644,118.334193
MOUNT WALKER,6369,WA,Delivery Area,-32.070885,118.755515
NAREMBEEN,6369,WA,Delivery Area,-32.101518,118.219821
WADDERIN,6369,WA,Delivery Area,-31.997278,118.445745
WEST HOLLETON,6369,WA,Delivery Area,-32.037095,119.020899
WOOLOCUTTY,6369,WA,Delivery Area,-32.17806,119.10444
EAST WICKEPIN,6370,WA,Delivery Area,-32.77417,117.7075
KIRK ROCK,6370,WA,Delivery Area,-32.65528,117.7675
MALYALLING,6370,WA,Delivery Area,-32.709944,117.568632
WICKEPIN,6370,WA,Delivery Area,-32.781533,117.500205
WOGOLIN,6370,WA,Delivery Area,-32.79333,117.82139
YEALERING,6372,WA,Delivery Area,-32.598783,117.678635
BULLARING,6373,WA,Delivery Area,-32.497516,117.743179
ADAMSVALE,6375,WA,Delivery Area,-32.249413,117.72485
BILBARIN,6375,WA,Delivery Area,-32.207209,117.950997
CORRIGIN,6375,WA,Delivery Area,-32.329117,117.873542
GORGE ROCK,6375,WA,Delivery Area,-32.457203,117.9917
KUNJIN,6375,WA,Delivery Area,-32.357183,117.763561
KURRENKUTTEN,6375,WA,Delivery Area,-32.236377,118.078007
BADJALING,6383,WA,Delivery Area,-31.903057,117.44455
BALKULING,6383,WA,Delivery Area,-31.943876,117.138378
CUBBINE,6383,WA,Delivery Area,-31.901301,117.314735
DANGIN,6383,WA,Delivery Area,-32.066356,117.354785
DOODENANNING,6383,WA,Delivery Area,-31.824758,117.145538
DULBELLING,6383,WA,Delivery Area,-32.002272,117.261964
MOUNT STIRLING,6383,WA,Delivery Area,-31.92045,117.451501
QUAIRADING,6383,WA,Delivery Area,-32.157122,117.345825
SOUTH QUAIRADING,6383,WA,Delivery Area,-32.157122,117.345825
WAMENUSKING,6383,WA,Delivery Area,-32.143251,117.550506
YOTING,6383,WA,Delivery Area,-32.030553,117.60187
PANTAPIN,6384,WA,Delivery Area,-31.951369,117.659469
KWOLYIN,6385,WA,Delivery Area,-31.928107,117.761062
SHACKLETON,6386,WA,Delivery Area,-31.932955,117.836849
BANNISTER,6390,WA,Delivery Area,-32.673514,116.515171
BODDINGTON,6390,WA,Delivery Area,-32.80378,116.473621
CROSSMAN,6390,WA,Delivery Area,-32.805126,116.607815
LOWER HOTHAM,6390,WA,Delivery Area,-32.92056,116.37583
MARRADONG,6390,WA,Delivery Area,-32.870161,116.451612
MOUNT COOKE,6390,WA,Delivery Area,-32.380598,116.251319
MOUNT WELLS,6390,WA,Delivery Area,-32.60861,116.30361
NORTH BANNISTER,6390,WA,Delivery Area,-32.580768,116.452194
RANFORD,6390,WA,Delivery Area,-32.792757,116.494201
UPPER MURRAY,6390,WA,Delivery Area,-32.99,116.28139
WURAMING,6390,WA,Delivery Area,-32.84389,116.24944
QUINDANNING,6391,WA,Delivery Area,-33.042802,116.567636
BOKAL,6392,WA,Delivery Area,-33.47027,116.912981
BOOLADING,6392,WA,Delivery Area,-33.357456,116.626604
DARKAN,6392,WA,Delivery Area,-33.335111,116.739909
CORDERING,6393,WA,Delivery Area,-33.511435,116.678676
DURANILLIN,6393,WA,Delivery Area,-33.516619,116.801555
MOODIARRUP,6393,WA,Delivery Area,-33.610605,116.77766
TRIGWELL,6393,WA,Delivery Area,-33.59667,116.52389
BEAUFORT RIVER,6394,WA,Delivery Area,-33.56611,117.03194
BOILUP,6394,WA,Delivery Area,-33.767658,117.032269
BOSCABEL,6394,WA,Delivery Area,-33.698758,117.113768
CHANGERUP,6394,WA,Delivery Area,-33.73056,116.86583
MURADUP,6394,WA,Delivery Area,-33.843796,116.979429
ORCHID VALLEY,6394,WA,Delivery Area,-34.00639,116.82611
QUALEUP,6394,WA,Delivery Area,-33.834797,116.808342
CHERRY TREE POOL,6395,WA,Delivery Area,-33.700935,117.23224
JINGALUP,6395,WA,Delivery Area,-33.968363,117.029084
KOJONUP,6395,WA,Delivery Area,-33.833008,117.158962
LUMEAH,6395,WA,Delivery Area,-34.005805,117.244753
MOBRUP,6395,WA,Delivery Area,-34.129155,116.978225
RYANSBROOK,6395,WA,Delivery Area,-34.09972,117.13972
FRANKLAND,6396,WA,Delivery Area,-34.305719,116.978389
ROCKY GULLY,6397,WA,Delivery Area,-34.482268,117.101117
BROKE,6398,WA,Delivery Area,-34.915218,116.465109
NORTH WALPOLE,6398,WA,Delivery Area,-34.852802,116.545449
WALPOLE,6398,WA,Delivery Area,-34.976176,116.730088
BUCKLAND,6401,WA,Delivery Area,-31.542525,116.61072
BURLONG,6401,WA,Delivery Area,-31.665815,116.624707
CUNJARDINE,6401,WA,Delivery Area,-31.45194,116.87833
IRISHTOWN,6401,WA,Delivery Area,-31.576463,116.63077
JENNACUBBINE,6401,WA,Delivery Area,-31.439343,116.716417
JENNAPULLIN,6401,WA,Delivery Area,-31.531363,116.714104
MALABAINE,6401,WA,Delivery Area,-31.605,116.74167
MEENAAR,6401,WA,Delivery Area,-31.633274,116.883352
MOKINE,6401,WA,Delivery Area,-31.744062,116.57275
MULUCKINE,6401,WA,Delivery Area,-31.636349,116.749088
MUMBERKINE,6401,WA,Delivery Area,-31.39333,116.66083
MURESK,6401,WA,Delivery Area,-31.746008,116.674019
NORTHAM,6401,WA,Delivery Area,-31.654769,116.670251
ROSSMORE,6401,WA,Delivery Area,-31.40639,116.76556
SOUTHERN BROOK,6401,WA,Delivery Area,-31.553851,116.836124
SPENCERS BROOK,6401,WA,Delivery Area,-31.721912,116.636842
THROSSELL,6401,WA,Delivery Area,-31.71,116.83583
WONGAMINE,6401,WA,Delivery Area,-31.502359,116.604544
GRASS VALLEY,6403,WA,Delivery Area,-31.603675,116.808925
GREENWOODS VALLEY,6405,WA,Delivery Area,-31.50639,116.94222
MECKERING,6405,WA,Delivery Area,-31.631832,117.00675
QUELAGETTING,6405,WA,Delivery Area,-31.46139,117.08806
WARDING EAST,6405,WA,Delivery Area,-31.73028,117.06639
CUNDERDIN,6407,WA,Delivery Area,-31.651484,117.23437
WAEEL,6407,WA,Delivery Area,-31.6025,117.13167
WATERCARRIN,6407,WA,Delivery Area,-31.44139,117.23806
WYOLA,6407,WA,Delivery Area,-31.734078,117.41274
WYOLA WEST,6407,WA,Delivery Area,-31.55333,117.32417
YOUNDEGIN,6407,WA,Delivery Area,-31.814271,117.30812
DOONGIN,6409,WA,Delivery Area,-31.51972,117.43111
NORTH TAMMIN,6409,WA,Delivery Area,-31.750897,117.531629
SOUTH TAMMIN,6409,WA,Delivery Area,-31.750897,117.531629
TAMMIN,6409,WA,Delivery Area,-31.642541,117.486972
YORKRAKINE,6409,WA,Delivery Area,-31.505331,117.548356
BUNGULLA,6410,WA,Delivery Area,-31.623099,117.591223
DAADENNING CREEK,6410,WA,Delivery Area,-31.77556,117.82306
KELLERBERRIN,6410,WA,Delivery Area,-31.634063,117.716504
MOUNT CAROLINE,6410,WA,Delivery Area,-31.76438,117.625952
NORTH KELLERBERRIN,6410,WA,Delivery Area,-31.46778,117.70139
DOODLAKINE,6411,WA,Delivery Area,-31.609048,117.87881
SOUTH DOODLAKINE,6411,WA,Delivery Area,-31.68056,117.89833
BAANDEE,6412,WA,Delivery Area,-31.581509,117.991421
NORTH BAANDEE,6412,WA,Delivery Area,-31.39667,117.92222
HINES HILL,6413,WA,Delivery Area,-31.531315,118.076379
NANGEENAN,6414,WA,Delivery Area,-31.468945,118.154649
GOOMARIN,6415,WA,Delivery Area,-31.23887,118.41367
KORBEL,6415,WA,Delivery Area,-31.639077,118.219647
MERREDIN,6415,WA,Delivery Area,-31.482136,118.278629
NOKANING,6415,WA,Delivery Area,-31.372714,118.251323
NORPA,6415,WA,Delivery Area,-31.58139,118.41889
TANDEGIN,6415,WA,Delivery Area,-31.67667,118.56528
BRUCE ROCK,6418,WA,Delivery Area,-31.877222,118.148822
ARDATH,6419,WA,Delivery Area,-32.032709,118.095466
CRAMPHORNE,6420,WA,Delivery Area,-31.801918,118.557867
MUNTADGIN,6420,WA,Delivery Area,-31.760088,118.557976
BURRACOPPIN,6421,WA,Delivery Area,-31.397419,118.478039
SOUTH BURRACOPPIN,6421,WA,Delivery Area,-31.56222,118.61694
WARRALAKIN,6421,WA,Delivery Area,-31.01908,118.605095
WALGOOLAN,6422,WA,Delivery Area,-31.372179,118.598819
BOODAROCKIN,6423,WA,Delivery Area,-30.998738,118.855354
CARRABIN,6423,WA,Delivery Area,-31.37494,118.692434
WARRACHUPPIN,6423,WA,Delivery Area,-30.980109,118.71939
WESTONIA,6423,WA,Delivery Area,-31.302541,118.697151
BODALLIN,6424,WA,Delivery Area,-31.370551,118.851488
NORTH BODALLIN,6424,WA,Delivery Area,-31.12,118.94333
SOUTH BODALLIN,6424,WA,Delivery Area,-31.54639,118.89056
DULYALBIN,6425,WA,Delivery Area,-31.55778,119.14694
MOORINE ROCK,6425,WA,Delivery Area,-31.307807,119.137607
CORINTHIA,6426,WA,Delivery Area,-31.15361,119.14944
GHOOLI,6426,WA,Delivery Area,-31.256093,119.457325
HOLLETON,6426,WA,Delivery Area,-31.935784,119.075387
MARVEL LOCH,6426,WA,Delivery Area,-31.464465,119.495848
MOUNT HAMPTON,6426,WA,Delivery Area,-31.73889,118.99639
MOUNT HOLLAND,6426,WA,Delivery Area,-32.16222,119.62583
MOUNT JACKSON,6426,WA,Delivery Area,-30.3453,118.977824
MOUNT PALMER,6426,WA,Delivery Area,-31.400522,119.679176
PARKER RANGE,6426,WA,Delivery Area,-31.88667,119.84306
SKELETON ROCK,6426,WA,Delivery Area,-31.89222,119.51167
SOUTH YILGARN,6426,WA,Delivery Area,-31.77806,119.29722
SOUTHERN CROSS,6426,WA,Delivery Area,-31.231702,119.328313
TURKEY HILL,6426,WA,Delivery Area,-30.97222,119.40444
YELLOWDINE,6426,WA,Delivery Area,-31.296281,119.657245
KOOLYANOBBING,6427,WA,Delivery Area,-31.113663,119.402403
BABAKIN,6428,WA,Delivery Area,-32.126295,118.022769
BOORABBIN,6429,WA,Delivery Area,-30.95306,120.15778
BULLABULLING,6429,WA,Delivery Area,-31.012863,120.868221
COOLGARDIE,6429,WA,Delivery Area,-30.954634,121.165844
KARRAMINDIE,6429,WA,Delivery Area,-31.02194,121.43056
LONDONDERRY,6429,WA,Delivery Area,-31.16389,121.27417
MOUNT BURGES,6429,WA,Delivery Area,-30.64667,120.94278
VICTORIA ROCK,6429,WA,Delivery Area,-31.52444,120.66306
WALLAROO,6429,WA,Delivery Area,-30.59667,120.45639
BINDULI,6430,WA,Delivery Area,-30.805,121.37556
BROADWOOD,6430,WA,Delivery Area,-30.776601,121.451722
HANNANS,6430,WA,Delivery Area,-30.732814,121.457471
KALGOORLIE,6430,WA,Delivery Area,-30.747667,121.472302
KARLKURLA,6430,WA,Delivery Area,-30.72306,121.42167
LAMINGTON,6430,WA,Delivery Area,-30.73704,121.462604
MULLINGAR,6430,WA,Delivery Area,-30.705212,121.469927
SOMERVILLE,6430,WA,Delivery Area,-30.763293,121.454796
SOUTH KALGOORLIE,6430,WA,Delivery Area,-30.763981,121.479997
WEST KALGOORLIE,6430,WA,Delivery Area,-30.778147,121.43624
WEST LAMINGTON,6430,WA,Delivery Area,-30.746094,121.454664
WILLIAMSTOWN,6430,WA,Delivery Area,-30.744406,121.485252
YILKARI,6430,WA,Delivery Area,-30.82333,121.43944
BOORARA,6431,WA,Delivery Area,-30.80194,121.63667
BROWN HILL,6431,WA,Delivery Area,-30.754792,121.495048
BULONG,6431,WA,Delivery Area,-30.747628,121.792422
EMU FLAT,6431,WA,Delivery Area,-31.01472,122.46111
FEYSVILLE,6431,WA,Delivery Area,-30.98806,121.66222
KANOWNA,6431,WA,Delivery Area,-30.547783,121.424282
KOOKYNIE,6431,WA,Delivery Area,-29.337053,121.490916
KURNALPI,6431,WA,Delivery Area,-30.530941,122.261445
LAKEWOOD,6431,WA,Delivery Area,-30.81972,121.52167
ORA BANDA,6431,WA,Delivery Area,-30.394496,121.124351
PLUMRIDGE LAKES,6431,WA,Delivery Area,-29.30722,122.96222
TRAFALGAR,6431,WA,Delivery Area,-30.806702,121.541628
WARBURTON,6431,WA,Delivery Area,-26.044322,126.75483
BOULDER,6432,WA,Delivery Area,-30.781898,121.488736
FIMISTON,6432,WA,Delivery Area,-30.781902,121.516061
SOUTH BOULDER,6432,WA,Delivery Area,-30.791695,121.48874
VICTORY HEIGHTS,6432,WA,Delivery Area,-30.781905,121.470939
CUNDEELEE,6434,WA,Delivery Area,-30.504142,123.124853
FORREST,6434,WA,Delivery Area,-30.857739,128.101053
PARKESTON,6434,WA,Delivery Area,-30.70278,121.53778
RAWLINNA,6434,WA,Delivery Area,-31.027614,125.328345
ZANTHUS,6434,WA,Delivery Area,-31.034298,123.584296
MENZIES,6436,WA,Delivery Area,-29.691504,121.029042
ULARRING,6436,WA,Delivery Area,-29.40028,119.84333
LEINSTER,6437,WA,Delivery Area,-27.451985,120.545063
LAKE DARLOT,6438,WA,Delivery Area,-27.79056,121.58028
LEONORA,6438,WA,Delivery Area,-28.881595,121.327331
BANDYA,6440,WA,Delivery Area,-27.91009,122.327326
BEADELL,6440,WA,Delivery Area,-27.85167,127.57417
COSMO NEWBERY,6440,WA,Delivery Area,-28.185015,123.662495
LAKE WELLS,6440,WA,Delivery Area,-27.155,123.31028
LAVERTON,6440,WA,Delivery Area,-25.109874,125.273103
NEALE,6440,WA,Delivery Area,-28.078656,124.309497
KAMBALDA EAST,6442,WA,Delivery Area,-31.208026,121.618365
KAMBALDA WEST,6442,WA,Delivery Area,-31.208218,121.618782
BALLADONIA,6443,WA,Delivery Area,-32.466106,123.832359
CAIGUNA,6443,WA,Delivery Area,-32.253135,125.516246
COCKLEBIDDY,6443,WA,Delivery Area,-32.037604,126.098677
DUNDAS,6443,WA,Delivery Area,-32.49528,121.76056
EUCLA,6443,WA,Delivery Area,-31.702722,128.835041
FRASER RANGE,6443,WA,Delivery Area,-32.011106,122.803009
HIGGINSVILLE,6443,WA,Delivery Area,-31.732319,121.705795
MADURA,6443,WA,Delivery Area,-31.913856,126.996118
MUNDRABILLA,6443,WA,Delivery Area,-31.834067,128.177558
NORSEMAN,6443,WA,Delivery Area,-32.197844,121.778958
WIDGIEMOOLTHA,6443,WA,Delivery Area,-31.498127,121.582455
NORTH CASCADE,6445,WA,Delivery Area,-32.91,121.10083
SALMON GUMS,6445,WA,Delivery Area,-32.979852,121.642999
GRASS PATCH,6446,WA,Delivery Area,-33.228449,121.718155
LORT RIVER,6447,WA,Delivery Area,-33.35444,121.39139
MOUNT NEY,6447,WA,Delivery Area,-33.34194,122.37194
SCADDAN,6447,WA,Delivery Area,-33.459245,121.731974
WITTENOOM HILLS,6447,WA,Delivery Area,-33.489504,122.11986
GIBSON,6448,WA,Delivery Area,-33.644029,121.809646
BANDY CREEK,6450,WA,Delivery Area,-33.820967,121.93876
BEAUMONT,6450,WA,Delivery Area,-33.40389,122.80361
BOYATUP,6450,WA,Delivery Area,-33.652449,123.069008
CAPE LE GRAND,6450,WA,Delivery Area,-33.92,122.31583
CASCADE,6450,WA,Delivery Area,-33.38194,121.11806
CASTLETOWN,6450,WA,Delivery Area,-33.836337,121.909483
CHADWICK,6450,WA,Delivery Area,-33.820306,121.887871
CONDINGUP,6450,WA,Delivery Area,-33.748252,122.534479
COOMALBIDGUP,6450,WA,Delivery Area,-33.728399,121.338997
DALYUP,6450,WA,Delivery Area,-33.729977,121.642464
EAST MUNGLINUP,6450,WA,Delivery Area,-33.732312,120.960916
ESPERANCE,6450,WA,Delivery Area,-33.861286,121.891427
HOWICK,6450,WA,Delivery Area,-33.744032,123.087956
MERIVALE,6450,WA,Delivery Area,-33.82833,122.16472
MONJINGUP,6450,WA,Delivery Area,-33.753187,121.740814
MUNGLINUP,6450,WA,Delivery Area,-33.704884,120.864669
MYRUP,6450,WA,Delivery Area,-33.79111,121.92417
NERIDUP,6450,WA,Delivery Area,-33.574555,122.09202
NULSEN,6450,WA,Delivery Area,-33.854524,121.871578
PINK LAKE,6450,WA,Delivery Area,-33.844304,121.847018
SINCLAIR,6450,WA,Delivery Area,-33.862323,121.87229
WEST BEACH,6450,WA,Delivery Area,-33.88242,121.860861
WINDABOUT,6450,WA,Delivery Area,-33.81916,121.920426
BURAMINYA,6452,WA,Delivery Area,-32.91833,122.895
CAPE ARID,6452,WA,Delivery Area,-33.63944,123.43333
ISRAELITE BAY,6452,WA,Delivery Area,-33.46556,123.84222
GOOMALLING,6460,WA,Delivery Area,-31.298531,116.826959
HULONGINE,6460,WA,Delivery Area,-31.364754,116.811756
KARRANADGIN,6460,WA,Delivery Area,-31.22417,116.71972
UCARTY WEST,6460,WA,Delivery Area,-31.32722,116.90833
WALYORMOURING,6460,WA,Delivery Area,-31.17333,116.88944
DOWERIN,6461,WA,Delivery Area,-31.195622,117.031905
KOOMBERKINE,6461,WA,Delivery Area,-30.96833,116.96667
HINDMARSH,6462,WA,Delivery Area,-31.26972,117.23056
MINNIVALE,6462,WA,Delivery Area,-31.05657,117.18066
UCARTY,6462,WA,Delivery Area,-31.33278,117.06361
BENJABERRING,6463,WA,Delivery Area,-31.141869,117.288577
MANMANNING,6465,WA,Delivery Area,-30.865319,117.044964
CADOUX,6466,WA,Delivery Area,-30.768036,117.135417
BURAKIN,6467,WA,Delivery Area,-30.525059,117.1727
GOODLANDS,6468,WA,Delivery Area,-30.10833,117.20889
KALANNIE,6468,WA,Delivery Area,-30.361659,117.1166
PETRUDOR,6468,WA,Delivery Area,-30.39944,116.97917
KULJA,6470,WA,Delivery Area,-30.344349,117.338352
BEACON,6472,WA,Delivery Area,-30.451404,117.865646
BIMBIJY,6472,WA,Delivery Area,-29.70889,118.14111
CLEARY,6472,WA,Delivery Area,-30.434239,117.710484
KARROUN HILL,6472,WA,Delivery Area,-30.0175,118.24278
MOUROUBRA,6472,WA,Delivery Area,-29.77833,117.77417
REMLAP,6472,WA,Delivery Area,-30.04333,117.67167
NORTH WIALKI,6473,WA,Delivery Area,-30.33139,118.22306
WIALKI,6473,WA,Delivery Area,-30.47777,118.117027
BADGERIN ROCK,6475,WA,Delivery Area,-30.691457,117.274368
BOORALAMING,6475,WA,Delivery Area,-30.90556,117.38
DUKIN,6475,WA,Delivery Area,-30.892414,117.530246
KOORDA,6475,WA,Delivery Area,-30.825014,117.481755
LAKE MARGARETTE,6475,WA,Delivery Area,-30.67917,117.53667
MOLLERIN,6475,WA,Delivery Area,-30.463945,117.463332
NEWCARLBEON,6475,WA,Delivery Area,-30.64833,117.365
GABBIN,6476,WA,Delivery Area,-30.799257,117.679456
BENCUBBIN,6477,WA,Delivery Area,-30.811701,117.861684
WELBUNGIN,6477,WA,Delivery Area,-30.826173,117.989099
BARBALIN,6479,WA,Delivery Area,-30.881541,118.11395
BONNIE ROCK,6479,WA,Delivery Area,-30.537576,118.354286
DANDANNING,6479,WA,Delivery Area,-30.98889,118.19222
ELACHBUTTING,6479,WA,Delivery Area,-30.507481,118.646379
KARLONING,6479,WA,Delivery Area,-30.561135,118.18863
LAKE BROWN,6479,WA,Delivery Area,-30.941463,118.336069
MUKINBUDIN,6479,WA,Delivery Area,-30.914556,118.208344
WATTONING,6479,WA,Delivery Area,-30.766223,118.209479
WILGOYNE,6479,WA,Delivery Area,-30.765584,118.385469
NUKARNI,6480,WA,Delivery Area,-31.2939,118.201877
BULLFINCH,6484,WA,Delivery Area,-30.984212,119.116614
ENNUIN,6484,WA,Delivery Area,-30.689274,118.926649
LAKE DEBORAH,6484,WA,Delivery Area,-30.50306,119.62333
COWCOWING,6485,WA,Delivery Area,-30.992936,117.454903
KORRELOCKING,6485,WA,Delivery Area,-31.19741,117.488437
NALKAIN,6485,WA,Delivery Area,-31.071671,117.440496
NEMBUDDING,6485,WA,Delivery Area,-31.192986,117.567604
WYALKATCHEM,6485,WA,Delivery Area,-31.180778,117.381975
NORTH YELBENI,6487,WA,Delivery Area,-31.06056,117.66167
SOUTH YELBENI,6487,WA,Delivery Area,-31.25694,117.66306
YELBENI,6487,WA,Delivery Area,-31.170429,117.66021
NORTH TRAYNING,6488,WA,Delivery Area,-31.04111,117.79278
SOUTH TRAYNING,6488,WA,Delivery Area,-31.241311,117.791474
TRAYNING,6488,WA,Delivery Area,-31.114099,117.79217
KUNUNOPPIN,6489,WA,Delivery Area,-31.112821,117.918886
NORTH KUNUNOPPIN,6489,WA,Delivery Area,-31.03333,117.96222
SOUTH KUNUNOPPIN,6489,WA,Delivery Area,-31.22667,117.91833
BURRAN ROCK,6490,WA,Delivery Area,-31.260227,118.008744
CHANDLER,6490,WA,Delivery Area,-31.08945,118.345952
ELABBIN,6490,WA,Delivery Area,-31.254913,118.140799
KWELKAN,6490,WA,Delivery Area,-31.134657,118.019762
NUNGARIN,6490,WA,Delivery Area,-31.183174,118.100165
TALGOMINE,6490,WA,Delivery Area,-31.184186,118.265991
MUCHEA,6501,WA,Delivery Area,-31.604231,115.985004
BINDOON,6502,WA,Delivery Area,-31.385163,116.096186
BINDOON TRAINING AREA,6502,WA,Delivery Area,-31.29833,116.29472
BAMBUN,6503,WA,Delivery Area,-31.419695,115.9014
BEERMULLAH,6503,WA,Delivery Area,-31.241857,115.802995
BOONANARRING,6503,WA,Delivery Area,-31.261546,115.849344
BREERA,6503,WA,Delivery Area,-31.443805,115.959529
COONABIDGEE,6503,WA,Delivery Area,-31.38056,115.84444
COWALLA,6503,WA,Delivery Area,-31.122328,115.569046
CULLALLA,6503,WA,Delivery Area,-31.23901,116.039565
GINGIN,6503,WA,Delivery Area,-31.34781,115.904737
GINGINUP,6503,WA,Delivery Area,-31.31778,115.90833
GRANVILLE,6503,WA,Delivery Area,-31.328371,115.868067
LENNARD BROOK,6503,WA,Delivery Area,-31.38583,115.92861
MINDARRA,6503,WA,Delivery Area,-31.10583,115.91056
MOONDAH,6503,WA,Delivery Area,-31.32306,115.97111
MOORE RIVER NATIONAL PARK,6503,WA,Delivery Area,-31.12495,115.684969
MUCKENBURRA,6503,WA,Delivery Area,-31.33472,115.78194
NEERGABBY,6503,WA,Delivery Area,-31.299519,115.63737
ORANGE SPRINGS,6503,WA,Delivery Area,-31.026095,115.642157
RED GULLY,6503,WA,Delivery Area,-31.08778,115.844505
WANERIE,6503,WA,Delivery Area,-31.167487,115.568234
YEAL,6503,WA,Delivery Area,-31.45639,115.75917
MOOLIABEENEE,6504,WA,Delivery Area,-31.327595,116.02722
WANNAMAL,6505,WA,Delivery Area,-31.173278,115.931415
MOGUMBER,6506,WA,Delivery Area,-31.0235,115.962385
CATABY,6507,WA,Delivery Area,-30.736585,115.54195
COOLJARLOO,6507,WA,Delivery Area,-30.65444,115.37528
DANDARAGAN,6507,WA,Delivery Area,-30.672495,115.702932
MIMEGARRA,6507,WA,Delivery Area,-30.84833,115.45139
REGANS FORD,6507,WA,Delivery Area,-30.971893,115.701788
YATHROO,6507,WA,Delivery Area,-30.82056,115.82361
GLENTROMIE,6509,WA,Delivery Area,-30.886908,116.244326
NEW NORCIA,6509,WA,Delivery Area,-30.969258,116.215936
WADDINGTON,6509,WA,Delivery Area,-30.832905,116.26924
YARAWINDAH,6509,WA,Delivery Area,-31.07639,116.23944
BARBERTON,6510,WA,Delivery Area,-30.729825,116.026509
BERKSHIRE VALLEY,6510,WA,Delivery Area,-30.554798,116.125521
GILLINGARRA,6510,WA,Delivery Area,-30.930683,116.04777
KOOJAN,6510,WA,Delivery Area,-30.849312,116.028366
MOORA,6510,WA,Delivery Area,-30.640991,116.008013
WALEBING,6510,WA,Delivery Area,-30.695563,116.211452
CERVANTES,6511,WA,Delivery Area,-30.498083,115.081138
COOMBERDALE,6512,WA,Delivery Area,-30.443603,116.041424
NAMBAN,6512,WA,Delivery Area,-30.360939,116.056392
GUNYIDI,6513,WA,Delivery Area,-30.145253,116.076219
WATHEROO,6513,WA,Delivery Area,-30.298755,116.058433
GREEN HEAD,6514,WA,Delivery Area,-30.063852,114.968731
LEEMAN,6514,WA,Delivery Area,-29.945086,114.979916
COOROW,6515,WA,Delivery Area,-29.882389,116.02162
EGANU,6515,WA,Delivery Area,-30.02056,115.75389
MARCHAGEE,6515,WA,Delivery Area,-30.054891,116.074394
WADDY FOREST,6515,WA,Delivery Area,-29.85194,116.19861
JURIEN BAY,6516,WA,Delivery Area,-30.307885,115.03648
CARNAMAH,6517,WA,Delivery Area,-29.688487,115.886125
ENEABBA,6518,WA,Delivery Area,-29.817799,115.267594
WARRADARGE,6518,WA,Delivery Area,-30.045739,115.325992
ARRINO,6519,WA,Delivery Area,-29.440061,115.628368
ARROWSMITH EAST,6519,WA,Delivery Area,-29.614595,115.340133
DUDAWA,6519,WA,Delivery Area,-29.38611,115.73528
KADATHINNI,6519,WA,Delivery Area,-29.632562,115.593188
THREE SPRINGS,6519,WA,Delivery Area,-29.533163,115.76176
WOMARDEN,6519,WA,Delivery Area,-29.48083,115.86889
BADGINGARRA,6521,WA,Delivery Area,-30.387022,115.496702
BOOTHENDARRA,6521,WA,Delivery Area,-30.20917,115.61389
GREY,6521,WA,Delivery Area,-30.657323,115.135089
HILL RIVER,6521,WA,Delivery Area,-30.25583,115.34611
NAMBUNG,6521,WA,Delivery Area,-30.576109,115.222627
BUNDANOON,6522,WA,Delivery Area,-29.29944,115.49222
HOLMWOOD,6522,WA,Delivery Area,-29.05611,115.60972
IKEWA,6522,WA,Delivery Area,-29.18417,115.53889
LOCKIER,6522,WA,Delivery Area,-29.18111,115.32833
MINGENEW,6522,WA,Delivery Area,-29.190203,115.442073
MOORIARY,6522,WA,Delivery Area,-29.27417,115.33917
MOUNT BUDD,6522,WA,Delivery Area,-29.18028,115.61972
NANGETTY,6522,WA,Delivery Area,-29.00417,115.44222
YANDANOOKA,6522,WA,Delivery Area,-29.314543,115.569104
YARRAGADEE,6522,WA,Delivery Area,-29.120058,115.441726
ALLANOOKA,6525,WA,Delivery Area,-29.047262,115.029078
ARROWSMITH,6525,WA,Delivery Area,-29.543558,115.06993
BONNIEFIELD,6525,WA,Delivery Area,-29.20583,114.93917
BOOKARA,6525,WA,Delivery Area,-29.041108,114.865221
DONGARA,6525,WA,Delivery Area,-29.251261,114.934975
IRWIN,6525,WA,Delivery Area,-29.219343,115.080718
MILO,6525,WA,Delivery Area,-29.28806,115.18389
MOUNT ADAMS,6525,WA,Delivery Area,-29.36833,115.11389
MOUNT HORNER,6525,WA,Delivery Area,-29.140144,115.096738
PORT DENISON,6525,WA,Delivery Area,-29.276446,114.921614
SPRINGFIELD,6525,WA,Delivery Area,-29.276831,114.949751
YARDARINO,6525,WA,Delivery Area,-29.214918,115.02997
MOUNT HILL,6528,WA,Delivery Area,-28.9825,114.9075
SOUTH GREENOUGH,6528,WA,Delivery Area,-29.025104,114.820598
WALKAWAY,6528,WA,Delivery Area,-28.940081,114.802026
BEACHLANDS,6530,WA,Delivery Area,-28.788893,114.59948
BERESFORD,6530,WA,Delivery Area,-28.760978,114.619326
BLUFF POINT,6530,WA,Delivery Area,-28.73941,114.623715
GERALDTON,6530,WA,Delivery Area,-28.773068,114.611265
KARLOO,6530,WA,Delivery Area,-28.794637,114.641016
MAHOMETS FLATS,6530,WA,Delivery Area,-28.791595,114.612747
MERU,6530,WA,Delivery Area,-28.80278,114.68556
MORESBY,6530,WA,Delivery Area,-28.717866,114.659765
MOUNT TARCOOLA,6530,WA,Delivery Area,-28.796645,114.622956
RANGEWAY,6530,WA,Delivery Area,-28.783891,114.629558
SPALDING,6530,WA,Delivery Area,-28.738569,114.632927
STRATHALBYN,6530,WA,Delivery Area,-28.755096,114.641805
SUNSET BEACH,6530,WA,Delivery Area,-28.719983,114.620701
TARCOOLA BEACH,6530,WA,Delivery Area,-28.802224,114.61839
UTAKARRA,6530,WA,Delivery Area,-28.779407,114.65534
WAGGRAKINE,6530,WA,Delivery Area,-28.714008,114.650391
WANDINA,6530,WA,Delivery Area,-28.821099,114.633328
WEBBERTON,6530,WA,Delivery Area,-28.753633,114.629541
WEST END,6530,WA,Delivery Area,-28.778716,114.58944
WONTHELLA,6530,WA,Delivery Area,-28.765042,114.630701
WOORREE,6530,WA,Delivery Area,-28.773435,114.654047
AJANA,6532,WA,Delivery Area,-27.948607,114.61132
BINNU,6532,WA,Delivery Area,-28.034278,114.676071
BOOTENAL,6532,WA,Delivery Area,-28.856282,114.729902
BRINGO,6532,WA,Delivery Area,-28.744049,114.838912
BULLER,6532,WA,Delivery Area,-28.652993,114.62023
BURMA ROAD,6532,WA,Delivery Area,-28.96694,115.07694
CAPE BURNEY,6532,WA,Delivery Area,-28.861013,114.642753
CARRARANG,6532,WA,Delivery Area,-26.47889,113.507136
COBURN,6532,WA,Delivery Area,-26.697308,114.317642
COOLCALALAYA,6532,WA,Delivery Area,-27.526034,115.053774
DARTMOOR,6532,WA,Delivery Area,-28.01694,115.14944
DEEPDALE,6532,WA,Delivery Area,-28.796491,114.672209
DINDILOA,6532,WA,Delivery Area,-28.43675,114.809118
DRUMMOND COVE,6532,WA,Delivery Area,-28.675888,114.611822
DURAWAH,6532,WA,Delivery Area,-28.571235,114.938392
EAST CHAPMAN,6532,WA,Delivery Area,-28.684138,114.752759
EAST NABAWA,6532,WA,Delivery Area,-28.49556,114.92306
EAST YUNA,6532,WA,Delivery Area,-28.403666,115.175342
ELLENDALE,6532,WA,Delivery Area,-28.86639,114.98139
ERADU,6532,WA,Delivery Area,-28.647696,115.088337
ERADU SOUTH,6532,WA,Delivery Area,-28.771923,115.070577
EURARDY,6532,WA,Delivery Area,-27.49487,114.72174
GEORGINA,6532,WA,Delivery Area,-28.890088,114.765215
GLENFIELD,6532,WA,Delivery Area,-28.703336,114.621869
GREENOUGH,6532,WA,Delivery Area,-28.954394,114.756552
HAMELIN POOL,6532,WA,Delivery Area,-26.434966,114.201071
HICKETY,6532,WA,Delivery Area,-28.45639,114.71611
HOWATHARRA,6532,WA,Delivery Area,-28.533575,114.630979
KOJARENA,6532,WA,Delivery Area,-28.723892,114.863343
MARRAH,6532,WA,Delivery Area,-28.43361,114.96667
MEADOW,6532,WA,Delivery Area,-26.699947,114.618096
MINNENOOKA,6532,WA,Delivery Area,-28.82444,114.90028
MOONYOONOOKA,6532,WA,Delivery Area,-28.781605,114.726853
MOUNT ERIN,6532,WA,Delivery Area,-28.556925,114.854856
NABAWA,6532,WA,Delivery Area,-28.500361,114.789613
NANSON,6532,WA,Delivery Area,-28.564277,114.759362
NARALING,6532,WA,Delivery Area,-28.410189,114.854195
NARNGULU,6532,WA,Delivery Area,-28.828974,114.704558
NARRA TARRA,6532,WA,Delivery Area,-28.63028,114.75028
NERREN NERREN,6532,WA,Delivery Area,-27.127499,114.630663
NOLBA,6532,WA,Delivery Area,-28.36458,114.873245
NORTH ERADU,6532,WA,Delivery Area,-28.55972,115.11917
NORTHERN GULLY,6532,WA,Delivery Area,-28.701791,114.918948
OAKAJEE,6532,WA,Delivery Area,-28.63358,114.62811
ROCKWELL,6532,WA,Delivery Area,-28.345269,114.915686
RUDDS GULLY,6532,WA,Delivery Area,-28.838767,114.668879
SANDSPRINGS,6532,WA,Delivery Area,-28.81167,114.94167
SOUTH YUNA,6532,WA,Delivery Area,-28.36472,115.01611
TAMALA,6532,WA,Delivery Area,-26.668045,113.654497
TIBRADDEN,6532,WA,Delivery Area,-28.76611,114.92194
TOOLONGA,6532,WA,Delivery Area,-26.720511,114.985137
VALENTINE,6532,WA,Delivery Area,-28.55722,115.05111
WANDANA,6532,WA,Delivery Area,-28.191503,115.318146
WEST BINNU,6532,WA,Delivery Area,-27.9725,114.4275
WHITE PEAK,6532,WA,Delivery Area,-28.635866,114.64339
WICHERINA,6532,WA,Delivery Area,-28.717534,115.015304
WICHERINA SOUTH,6532,WA,Delivery Area,-28.77694,115.03444
YETNA,6532,WA,Delivery Area,-28.61169,114.72588
YUNA,6532,WA,Delivery Area,-28.328373,115.002356
ALMA,6535,WA,Delivery Area,-28.233375,114.693575
BOWES,6535,WA,Delivery Area,-28.44806,114.59722
EAST BOWES,6535,WA,Delivery Area,-28.35028,114.73167
GREGORY,6535,WA,Delivery Area,-28.186518,114.250763
HORROCKS,6535,WA,Delivery Area,-28.379076,114.431432
ISSEKA,6535,WA,Delivery Area,-28.43451,114.651726
NORTHAMPTON,6535,WA,Delivery Area,-28.352229,114.630085
OGILVIE,6535,WA,Delivery Area,-28.179126,114.642264
SANDY GULLY,6535,WA,Delivery Area,-28.32417,114.48694
YALLABATHARRA,6535,WA,Delivery Area,-28.13111,114.34417
KALBARRI,6536,WA,Delivery Area,-27.710568,114.164418
KALBARRI NATIONAL PARK,6536,WA,Delivery Area,-27.666154,114.393316
ZUYTDORP,6536,WA,Delivery Area,-27.44083,114.24806
DENHAM,6537,WA,Delivery Area,-25.927885,113.533715
DIRK HARTOG ISLAND,6537,WA,Delivery Area,-25.821446,113.079506
FRANCOIS PERON NATIONAL PARK,6537,WA,Delivery Area,-25.878383,113.60696
MONKEY MIA,6537,WA,Delivery Area,-25.797624,113.691395
NANGA,6537,WA,Delivery Area,-26.255568,113.80862
SHARK BAY,6537,WA,Delivery Area,-26.23459,113.81375
USELESS LOOP,6537,WA,Delivery Area,-26.13889,113.409565
BEECHINA,6556,WA,Delivery Area,-31.860734,116.315042
CHIDLOW,6556,WA,Delivery Area,-31.862995,116.265618
GORRIE,6556,WA,Delivery Area,-31.90861,116.31083
MALMALLING,6556,WA,Delivery Area,-31.96639,116.36444
THE LAKES,6556,WA,Delivery Area,-31.875733,116.321421
WOOROLOO,6558,WA,Delivery Area,-31.804012,116.312779
WUNDOWIE,6560,WA,Delivery Area,-31.753412,116.385152
BAKERS HILL,6562,WA,Delivery Area,-31.747506,116.459591
COPLEY,6562,WA,Delivery Area,-31.8025,116.47556
WOOTTATING,6562,WA,Delivery Area,-31.875654,116.419252
CLACKLINE,6564,WA,Delivery Area,-31.719218,116.506842
BEJOORDING,6566,WA,Delivery Area,-31.383465,116.533656
CARANI,6566,WA,Delivery Area,-31.008556,116.433184
COONDLE,6566,WA,Delivery Area,-31.51461,116.456297
CULHAM,6566,WA,Delivery Area,-31.428703,116.462324
DUMBARTON,6566,WA,Delivery Area,-31.568207,116.522952
HODDYS WELL,6566,WA,Delivery Area,-31.651611,116.488968
KATRINE,6566,WA,Delivery Area,-31.618982,116.555338
NUNILE,6566,WA,Delivery Area,-31.472415,116.5793
TOODYAY,6566,WA,Delivery Area,-31.550025,116.467302
WEST TOODYAY,6566,WA,Delivery Area,-31.54083,116.39278
DEWARS POOL,6567,WA,Delivery Area,-31.459208,116.419958
JULIMAR,6567,WA,Delivery Area,-31.452222,116.165809
MOONDYNE,6567,WA,Delivery Area,-31.55722,116.19361
BOLGART,6568,WA,Delivery Area,-31.274938,116.508618
WATTENING,6568,WA,Delivery Area,-31.32,116.47667
WYENING,6568,WA,Delivery Area,-31.178451,116.478979
CALINGIRI,6569,WA,Delivery Area,-31.091752,116.44884
OLD PLAINS,6569,WA,Delivery Area,-31.12472,116.34611
YERECOIN,6571,WA,Delivery Area,-30.922107,116.389442
BINDI BINDI,6574,WA,Delivery Area,-30.627746,116.364029
GABALONG,6574,WA,Delivery Area,-30.721095,116.398859
MILING,6575,WA,Delivery Area,-30.49034,116.360856
KONNONGORRING,6603,WA,Delivery Area,-31.010506,116.761929
LAKE HINDS,6603,WA,Delivery Area,-30.802604,116.580681
LAKE NINAN,6603,WA,Delivery Area,-30.933719,116.648096
MOCARDY,6603,WA,Delivery Area,-30.876013,116.882314
WONGAN HILLS,6603,WA,Delivery Area,-30.89061,116.715411
KONDUT,6605,WA,Delivery Area,-30.708747,116.699538
BALLIDU,6606,WA,Delivery Area,-30.600411,116.772852
EAST BALLIDU,6606,WA,Delivery Area,-30.561009,116.90215
WEST BALLIDU,6606,WA,Delivery Area,-30.600375,116.757185
EAST DAMBORING,6608,WA,Delivery Area,-30.47972,116.80611
MARNE,6608,WA,Delivery Area,-30.47944,116.66167
PITHARA,6608,WA,Delivery Area,-30.389959,116.667848
DALWALLINU,6609,WA,Delivery Area,-30.27811,116.662428
NUGADONG,6609,WA,Delivery Area,-30.19556,116.73556
XANTIPPE,6609,WA,Delivery Area,-30.28564,117.001452
JIBBERDING,6612,WA,Delivery Area,-30.023398,116.784823
MIAMOON,6612,WA,Delivery Area,-30.16222,116.46028
PAYNES FIND,6612,WA,Delivery Area,-29.260285,117.688964
WUBIN,6612,WA,Delivery Area,-30.10686,116.631494
BUNTINE,6613,WA,Delivery Area,-29.986601,116.571121
MAYA,6614,WA,Delivery Area,-29.881696,116.502487
LATHAM,6616,WA,Delivery Area,-29.756602,116.444694
PERENJORI,6620,WA,Delivery Area,-29.443139,116.288189
ROTHSAY,6620,WA,Delivery Area,-29.28278,116.87778
BOWGADA,6623,WA,Delivery Area,-29.330125,116.152284
BUNJIL,6623,WA,Delivery Area,-29.657763,116.374144
GUTHA,6623,WA,Delivery Area,-28.988572,115.952499
KOOLANOOKA,6623,WA,Delivery Area,-29.270761,116.080747
MORAWA,6623,WA,Delivery Area,-29.210541,116.009247
PINTHARUKA,6623,WA,Delivery Area,-29.120414,115.99379
CANNA,6627,WA,Delivery Area,-28.896856,115.861125
TARDUN,6628,WA,Delivery Area,-28.792926,115.74985
DEVILS CREEK,6630,WA,Delivery Area,-28.644761,115.478764
MULLEWA,6630,WA,Delivery Area,-28.539491,115.512053
MURCHISON,6630,WA,Delivery Area,-26.887504,115.9547
NERRAMYNE,6630,WA,Delivery Area,-27.815427,115.671024
NUNIERRA,6630,WA,Delivery Area,-28.175479,115.68731
WONGOONDY,6630,WA,Delivery Area,-28.903866,115.449988
WOOLGORONG,6630,WA,Delivery Area,-27.732115,115.729341
PINDAR,6631,WA,Delivery Area,-28.477433,115.791146
AMBANIA,6632,WA,Delivery Area,-28.695321,115.118798
TENINDEWA,6632,WA,Delivery Area,-28.619986,115.360543
SOUTH MURCHISON,6635,WA,Delivery Area,-27.316335,116.571226
YALGOO,6635,WA,Delivery Area,-28.342834,116.68262
COOLADAR HILL,6638,WA,Delivery Area,-28.4825,118.16833
DAGGAR HILLS,6638,WA,Delivery Area,-28.10139,117.55444
MOUNT MAGNET,6638,WA,Delivery Area,-28.062741,117.849183
PAYNESVILLE,6638,WA,Delivery Area,-28.042264,118.483327
SANDSTONE,6639,WA,Delivery Area,-28.204848,119.650272
CUE,6640,WA,Delivery Area,-27.4231,117.898965
EAST MURCHISON,6640,WA,Delivery Area,-26.336935,117.266486
LAKE AUSTIN,6640,WA,Delivery Area,-27.59972,118.05333
REEDY,6640,WA,Delivery Area,-27.101473,118.253384
WELD RANGE,6640,WA,Delivery Area,-27.05056,117.60722
ANGELO RIVER,6642,WA,Delivery Area,-24.078602,118.010422
CAPRICORN,6642,WA,Delivery Area,-23.93778,119.84528
KUMARINA,6642,WA,Delivery Area,-24.761508,119.572224
MEEKATHARRA,6642,WA,Delivery Area,-26.591164,118.496352
PEAK HILL,6642,WA,Delivery Area,-25.15806,118.37722
LAKE CARNEGIE,6646,WA,Delivery Area,-26.344277,122.256427
LITTLE SANDY DESERT,6646,WA,Delivery Area,-25.094037,122.355446
WILUNA,6646,WA,Delivery Area,-26.592319,120.224537
BABBAGE ISLAND,6701,WA,Delivery Area,-24.874403,113.632427
BERNIER ISLAND,6701,WA,Delivery Area,-24.849148,113.142567
BROCKMAN,6701,WA,Delivery Area,-24.879349,113.649892
BROWN RANGE,6701,WA,Delivery Area,-24.869506,113.705414
CARBLA,6701,WA,Delivery Area,-26.198822,114.291389
CARNARVON,6701,WA,Delivery Area,-24.883717,113.656956
CORAL BAY,6701,WA,Delivery Area,-23.142787,113.770825
DORRE ISLAND,6701,WA,Delivery Area,-25.079168,113.10816
EAST CARNARVON,6701,WA,Delivery Area,-24.869349,113.67822
GILROYD,6701,WA,Delivery Area,-25.822178,115.187936
GREYS PLAIN,6701,WA,Delivery Area,-24.882979,113.70176
INGGARDA,6701,WA,Delivery Area,-24.94222,114.26611
KENNEDY RANGE,6701,WA,Delivery Area,-24.53194,114.82639
KINGSFORD,6701,WA,Delivery Area,-24.864762,113.693961
LYNDON,6701,WA,Delivery Area,-23.631619,115.240554
MACLEOD,6701,WA,Delivery Area,-24.047142,113.47412
MASSEY BAY,6701,WA,Delivery Area,-24.902079,113.669329
MINILYA,6701,WA,Delivery Area,-23.855895,114.013995
MORGANTOWN,6701,WA,Delivery Area,-24.876537,113.657896
NINGALOO,6701,WA,Delivery Area,-22.689623,113.697863
NORTH PLANTATIONS,6701,WA,Delivery Area,-24.841995,113.673079
SOUTH CARNARVON,6701,WA,Delivery Area,-24.893285,113.658546
SOUTH PLANTATIONS,6701,WA,Delivery Area,-24.842263,113.763223
TALISKER,6701,WA,Delivery Area,-26.271375,115.255881
WOODLEIGH,6701,WA,Delivery Area,-26.048526,114.754575
WOORAMEL,6701,WA,Delivery Area,-25.746898,114.258403
YALARDY,6701,WA,Delivery Area,-26.095712,115.247099
YANDOO CREEK,6701,WA,Delivery Area,-24.29278,114.29361
EAST LYONS RIVER,6705,WA,Delivery Area,-24.22778,117.37583
GASCOYNE JUNCTION,6705,WA,Delivery Area,-25.049608,115.209328
GASCOYNE RIVER,6705,WA,Delivery Area,-25.34111,116.25861
WEST LYONS RIVER,6705,WA,Delivery Area,-24.21917,115.93972
CAPE RANGE NATIONAL PARK,6707,WA,Delivery Area,-22.158615,113.920333
EXMOUTH,6707,WA,Delivery Area,-21.92774,114.126027
EXMOUTH GULF,6707,WA,Delivery Area,-22.65472,114.24083
LEARMONTH,6707,WA,Delivery Area,-22.214775,114.094436
NORTH WEST CAPE,6707,WA,Delivery Area,-21.90472,114.07222
CANE,6710,WA,Delivery Area,-22.095,115.85528
ONSLOW,6710,WA,Delivery Area,-21.636252,115.112372
PEEDAMULLA,6710,WA,Delivery Area,-21.680225,115.47729
TALANDJI,6710,WA,Delivery Area,-22.16639,114.53333
YANNARIE,6710,WA,Delivery Area,-22.8925,115.05667
THEVENARD ISLAND,6711,WA,Delivery Area,-21.458,114.998249
BARROW ISLAND,6712,WA,Delivery Area,-20.86322,115.407403
DAMPIER,6713,WA,Delivery Area,-20.661726,116.707075
DAMPIER ARCHIPELAGO,6713,WA,Delivery Area,-20.542672,116.757451
ANTONYMYRE,6714,WA,Delivery Area,-20.663163,117.093371
BALLA BALLA,6714,WA,Delivery Area,-20.6949,117.787581
BAYNTON,6714,WA,Delivery Area,-20.752741,116.807508
BULGARRA,6714,WA,Delivery Area,-20.72712,116.854417
BURRUP,6714,WA,Delivery Area,-20.620817,116.784603
CLEAVERVILLE,6714,WA,Delivery Area,-20.65139,117.03306
COOYA POOYA,6714,WA,Delivery Area,-21.001517,117.031506
GAP RIDGE,6714,WA,Delivery Area,-20.746118,116.785618
GNOOREA,6714,WA,Delivery Area,-20.83972,116.40444
KARRATHA,6714,WA,Delivery Area,-20.736709,116.846295
KARRATHA INDUSTRIAL ESTATE,6714,WA,Delivery Area,-20.76777,116.870786
MAITLAND,6714,WA,Delivery Area,-20.838519,116.666714
MARDIE,6714,WA,Delivery Area,-21.193501,115.976193
MILLARS WELL,6714,WA,Delivery Area,-20.736695,116.821411
MOUNT ANKETELL,6714,WA,Delivery Area,-20.71056,117.01917
MULATAGA,6714,WA,Delivery Area,-20.728517,116.886293
NICKOL,6714,WA,Delivery Area,-20.736444,116.79978
PEGS CREEK,6714,WA,Delivery Area,-20.73332,116.836456
SHERLOCK,6714,WA,Delivery Area,-20.98139,117.67028
STOVE HILL,6714,WA,Delivery Area,-20.757396,116.849507
FORTESCUE,6716,WA,Delivery Area,-21.654285,116.129747
HAMERSLEY RANGE,6716,WA,Delivery Area,-22.05444,116.8875
MILLSTREAM,6716,WA,Delivery Area,-21.421418,117.159876
PANNAWONICA,6716,WA,Delivery Area,-21.643696,116.327055
ROEBOURNE,6718,WA,Delivery Area,-20.77542,117.146619
WHIM CREEK,6718,WA,Delivery Area,-20.8368,117.838171
COSSACK,6720,WA,Delivery Area,-20.67833,117.18861
POINT SAMSON,6720,WA,Delivery Area,-20.628765,117.185326
WICKHAM,6720,WA,Delivery Area,-20.680342,117.146962
INDEE,6721,WA,Delivery Area,-20.786363,118.598409
MUNDABULLANGANA,6721,WA,Delivery Area,-20.503134,118.141698
PARDOO,6721,WA,Delivery Area,-20.108566,119.579798
PORT HEDLAND,6721,WA,Delivery Area,-20.314233,118.577946
REDBANK,6721,WA,Delivery Area,-20.346561,118.629409
STRELLEY,6721,WA,Delivery Area,-20.479767,118.957866
WALLAREENYA,6721,WA,Delivery Area,-20.7672,118.843748
WEDGEFIELD,6721,WA,Delivery Area,-20.380522,118.598046
BOODARIE,6722,WA,Delivery Area,-20.395562,118.572647
DE GREY,6722,WA,Delivery Area,-20.176309,119.19012
FINUCANE,6722,WA,Delivery Area,-20.30967,118.560814
PIPPINGARRA,6722,WA,Delivery Area,-20.43389,118.75389
SOUTH HEDLAND,6722,WA,Delivery Area,-20.407445,118.599737
BILINGURR,6725,WA,Delivery Area,-17.914172,122.247317
BROOME,6725,WA,Delivery Area,-17.955123,122.241457
DAMPIER PENINSULA,6725,WA,Delivery Area,-16.594907,122.891231
DJUGUN,6725,WA,Delivery Area,-17.928776,122.241096
EIGHTY MILE BEACH,6725,WA,Delivery Area,-19.640801,121.022145
GINGERAH,6725,WA,Delivery Area,-19.07861,122.83417
LAGRANGE,6725,WA,Delivery Area,-18.70556,121.99333
MINYIRR,6725,WA,Delivery Area,-17.984105,122.209339
ROEBUCK,6725,WA,Delivery Area,-17.985743,122.366353
WATERBANK,6725,WA,Delivery Area,-17.45472,122.6775
CABLE BEACH,6726,WA,Delivery Area,-17.950181,122.196423
CAMBALLIN,6728,WA,Delivery Area,-17.986747,124.178459
DERBY,6728,WA,Delivery Area,-17.304811,123.632488
GEEGULLY CREEK,6728,WA,Delivery Area,-17.936163,123.70044
KIMBOLTON,6728,WA,Delivery Area,-16.762375,123.989357
KING LEOPOLD RANGES,6728,WA,Delivery Area,-17.152306,125.484748
MEDA,6728,WA,Delivery Area,-17.365978,123.991625
ST GEORGE RANGES,6728,WA,Delivery Area,-18.467068,124.377522
WILLARE,6728,WA,Delivery Area,-17.726992,123.65616
COCKATOO ISLAND,6731,WA,Delivery Area,-16.094014,123.612159
KOOLAN ISLAND,6733,WA,Delivery Area,-16.132888,123.740164
DRYSDALE RIVER,6740,WA,Delivery Area,-14.910744,126.666239
KALUMBURU,6740,WA,Delivery Area,-14.287233,126.63445
MITCHELL PLATEAU,6740,WA,Delivery Area,-14.774726,126.116101
OOMBULGURRI,6740,WA,Delivery Area,-14.826265,127.716208
PRINCE REGENT RIVER,6740,WA,Delivery Area,-15.528219,125.516828
CAMBRIDGE GULF,6743,WA,Delivery Area,-15.174208,128.550721
DURACK,6743,WA,Delivery Area,-16.245611,127.478176
GIBB,6743,WA,Delivery Area,-16.225227,126.633138
KUNUNURRA,6743,WA,Delivery Area,-15.773903,128.738971
LAKE ARGYLE,6743,WA,Delivery Area,-16.259925,128.601297
WARMUN,6743,WA,Delivery Area,-17.033797,128.223626
CHICHESTER,6751,WA,Delivery Area,-21.905,118.09056
INNAWANGA,6751,WA,Delivery Area,-23.101259,116.621225
JUNA DOWNS,6751,WA,Delivery Area,-22.60556,118.81639
KARIJINI,6751,WA,Delivery Area,-22.736773,118.290267
MOUNT SHEILA,6751,WA,Delivery Area,-22.39056,117.71361
MULGA DOWNS,6751,WA,Delivery Area,-22.145973,118.473637
NANUTARRA,6751,WA,Delivery Area,-22.524908,115.514702
ROCKLEA,6751,WA,Delivery Area,-22.886874,117.445973
TOM PRICE,6751,WA,Delivery Area,-22.696843,117.785156
WITTENOOM,6751,WA,Delivery Area,-22.235871,118.335712
NEWMAN,6753,WA,Delivery Area,-23.357288,119.737169
PARABURDOO,6754,WA,Delivery Area,-23.168811,117.74817
NULLAGINE,6758,WA,Delivery Area,-21.91096,120.197457
MARBLE BAR,6760,WA,Delivery Area,-21.171437,119.743907
TELFER,6762,WA,Delivery Area,-21.713675,122.230159
FITZROY CROSSING,6765,WA,Delivery Area,-18.194162,125.568887
MOUNT HARDMAN,6765,WA,Delivery Area,-17.940883,124.798824
HALLS CREEK,6770,WA,Delivery Area,-18.224393,127.66743
MCBEATH,6770,WA,Delivery Area,-18.239483,127.686097
MUELLER RANGES,6770,WA,Delivery Area,-18.382364,126.874851
ORD RIVER,6770,WA,Delivery Area,-17.785018,128.002709
PURNULULU,6770,WA,Delivery Area,-17.461701,128.565435
STURT CREEK,6770,WA,Delivery Area,-18.838615,128.178265
TANAMI,6770,WA,Delivery Area,-20.037618,127.501269
CHRISTMAS ISLAND,6798,WA,Delivery Area,-10.487053,105.64067
HOME ISLAND COCOS (KEELING) ISLANDS,6799,WA,Delivery Area,-12.169719,96.83152
WEST ISLAND COCOS (KEELING) ISLANDS,6799,WA,Delivery Area,-23.62607,111.693757
