Time,Value,MEASURE,Description
2009,283,CABEE_2,Number of Businesses - Number of non-employing businesses (no.)
2010,292,CABEE_2,Number of Businesses - Number of non-employing businesses (no.)
2011,301,CABEE_2,Number of Businesses - Number of non-employing businesses (no.)
2012,264,CABEE_2,Number of Businesses - Number of non-employing businesses (no.)
2013,263,CABEE_2,Number of Businesses - Number of non-employing businesses (no.)
2013,109,CABEE_3,Number of Businesses - Number of employing businesses: 1-4 employees (no.)
2013,71,CABEE_4,Number of Businesses - Number of employing businesses: 5 or more employees (no.)
2009,478,CABEE_5,Number of Businesses - Total number of businesses (no.)
2010,487,CABEE_5,Number of Businesses - Total number of businesses (no.)
2011,493,CABEE_5,Number of Businesses - Total number of businesses (no.)
2012,462,CABEE_5,Number of Businesses - Total number of businesses (no.)
2013,443,CABEE_5,Number of Businesses - Total number of businesses (no.)
2009,45,CABEE_7,Business Entries - Number of non employing business entries (no.)
2010,47,CABEE_7,Business Entries - Number of non employing business entries (no.)
2011,42,CABEE_7,Business Entries - Number of non employing business entries (no.)
2012,26,CABEE_7,Business Entries - Number of non employing business entries (no.)
2013,23,CABEE_7,Business Entries - Number of non employing business entries (no.)
2009,13,CABEE_8,Business Entries - Number of employing business entries: 1-4 employees (no.)
2010,10,CABEE_8,Business Entries - Number of employing business entries: 1-4 employees (no.)
2011,16,CABEE_8,Business Entries - Number of employing business entries: 1-4 employees (no.)
2012,14,CABEE_8,Business Entries - Number of employing business entries: 1-4 employees (no.)
2013,12,CABEE_8,Business Entries - Number of employing business entries: 1-4 employees (no.)
2009,5,CABEE_9,Business Entries - Number of employing business entries: 5 or more employees (no.)
2010,7,CABEE_9,Business Entries - Number of employing business entries: 5 or more employees (no.)
2011,10,CABEE_9,Business Entries - Number of employing business entries: 5 or more employees (no.)
2012,5,CABEE_9,Business Entries - Number of employing business entries: 5 or more employees (no.)
2013,3,CABEE_9,Business Entries - Number of employing business entries: 5 or more employees (no.)
2009,63,CABEE_10,Business Entries - Total number of business entries (no.)
2010,64,CABEE_10,Business Entries - Total number of business entries (no.)
2011,68,CABEE_10,Business Entries - Total number of business entries (no.)
2012,45,CABEE_10,Business Entries - Total number of business entries (no.)
2013,38,CABEE_10,Business Entries - Total number of business entries (no.)
2009,49,CABEE_12,Business Exits - Number of non employing business exits (no.)
2010,47,CABEE_12,Business Exits - Number of non employing business exits (no.)
2011,43,CABEE_12,Business Exits - Number of non employing business exits (no.)
2012,59,CABEE_12,Business Exits - Number of non employing business exits (no.)
2013,32,CABEE_12,Business Exits - Number of non employing business exits (no.)
2009,15,CABEE_13,Business Exits - Number of employing business exits: 1-4 employees (no.)
2010,5,CABEE_13,Business Exits - Number of employing business exits: 1-4 employees (no.)
2011,12,CABEE_13,Business Exits - Number of employing business exits: 1-4 employees (no.)
2012,14,CABEE_13,Business Exits - Number of employing business exits: 1-4 employees (no.)
2013,17,CABEE_13,Business Exits - Number of employing business exits: 1-4 employees (no.)
2009,12,CABEE_14,Business Exits - Number of employing business exits: 5 or more employees (no.)
2010,3,CABEE_14,Business Exits - Number of employing business exits: 5 or more employees (no.)
2011,7,CABEE_14,Business Exits - Number of employing business exits: 5 or more employees (no.)
2012,13,CABEE_14,Business Exits - Number of employing business exits: 5 or more employees (no.)
2013,6,CABEE_14,Business Exits - Number of employing business exits: 5 or more employees (no.)
2009,76,CABEE_15,Business Exits - Total number of business exits (no.)
2010,55,CABEE_15,Business Exits - Total number of business exits (no.)
2011,62,CABEE_15,Business Exits - Total number of business exits (no.)
2012,86,CABEE_15,Business Exits - Total number of business exits (no.)
2013,55,CABEE_15,Business Exits - Total number of business exits (no.)
2012,101,CABEE_19,"Number of Businesses by Industry - Agriculture, Forestry and Fishing (no.)"
2013,91,CABEE_19,"Number of Businesses by Industry - Agriculture, Forestry and Fishing (no.)"
2012,3,CABEE_28,Number of Businesses by Industry - Mining (no.)
2013,3,CABEE_28,Number of Businesses by Industry - Mining (no.)
2012,11,CABEE_27,Number of Businesses by Industry - Manufacturing (no.)
2013,12,CABEE_27,Number of Businesses by Industry - Manufacturing (no.)
2012,3,CABEE_23,"Number of Businesses by Industry - Electricity, gas, water and waste services (no.)"
2012,79,CABEE_21,Number of Businesses by Industry - Construction (no.)
2013,79,CABEE_21,Number of Businesses by Industry - Construction (no.)
2012,6,CABEE_37,Number of Businesses by Industry - Wholesale trade (no.)
2013,6,CABEE_37,Number of Businesses by Industry - Wholesale trade (no.)
2012,58,CABEE_34,Number of Businesses by Industry - Retail trade (no.)
2013,57,CABEE_34,Number of Businesses by Industry - Retail trade (no.)
2012,23,CABEE_17,Number of Businesses by Industry - Accommodation and food services (no.)
2013,23,CABEE_17,Number of Businesses by Industry - Accommodation and food services (no.)
2012,26,CABEE_36,"Number of Businesses by Industry - Transport, postal and warehousing (no.)"
2013,25,CABEE_36,"Number of Businesses by Industry - Transport, postal and warehousing (no.)"
2012,3,CABEE_26,Number of Businesses by Industry - Information media and telecommunications (no.)
2013,3,CABEE_26,Number of Businesses by Industry - Information media and telecommunications (no.)
2012,24,CABEE_24,Number of Businesses by Industry - Financial and insurance services (no.)
2013,21,CABEE_24,Number of Businesses by Industry - Financial and insurance services (no.)
2012,30,CABEE_33,"Number of Businesses by Industry - Rental, hiring and real estate services (no.)"
2013,32,CABEE_33,"Number of Businesses by Industry - Rental, hiring and real estate services (no.)"
2012,28,CABEE_31,Number of Businesses by Industry - Professional scientific and technical services (no.)
2013,25,CABEE_31,Number of Businesses by Industry - Professional scientific and technical services (no.)
2012,13,CABEE_18,Number of Businesses by Industry - Administrative and support services (no.)
2013,10,CABEE_18,Number of Businesses by Industry - Administrative and support services (no.)
2012,3,CABEE_32,Number of Businesses by Industry - Public administration and safety (no.)
2013,3,CABEE_32,Number of Businesses by Industry - Public administration and safety (no.)
2012,5,CABEE_22,Number of Businesses by Industry - Education and training (no.)
2013,3,CABEE_22,Number of Businesses by Industry - Education and training (no.)
2012,17,CABEE_25,Number of Businesses by Industry - Health care and social assistance (no.)
2013,16,CABEE_25,Number of Businesses by Industry - Health care and social assistance (no.)
2012,26,CABEE_30,Number of Businesses by Industry - Other services (no.)
2013,28,CABEE_30,Number of Businesses by Industry - Other services (no.)
2012,10,CABEE_29,Number of Businesses by Industry - Not classified (no.)
2013,8,CABEE_29,Number of Businesses by Industry - Not classified (no.)
2012,469,CABEE_35,Number of Businesses by Industry - Total (no.)
2013,445,CABEE_35,Number of Businesses by Industry - Total (no.)
2013,4,BANKRUPT_4,Bankruptcies - Total (no.)
2011,4369,LF_2,Labour Force Statistics - Labour Force (no. )
2011,205,LF_3,Labour Force Statistics - Unemployed (no. )
2011,4.7,LF_4,Labour Force Statistics - Unemployment rate (%)
2011,59.4,LF_5,Labour Force Statistics - Participation rate (%)
2011,6.4,YOUTH_2,Youth (15-19 Years) Engagement in Work/Study - Working full-time and studying part-time (% of all 15-19 yo)
2011,1.6,YOUTH_3,Youth (15-19 Years) Engagement in Work/Study - Working part time and studying part-time (% of all 15-19 yo)
2011,15.7,YOUTH_4,Youth (15-19 Years) Engagement in Work/Study - Working part-time and studying full-time (% of all 15-19 yo)
2011,18.2,YOUTH_5,Youth (15-19 Years) Engagement in Work/Study - Working full-time (not studying) (% of all 15-19 yo)
2011,32.1,YOUTH_6,Youth (15-19 Years) Engagement in Work/Study - Studying full-time (not working) (% of all 15-19 yo)
2011,0.5,YOUTH_7,Youth (15-19 Years) Engagement in Work/Study - Working full-time and studying full-time (% of all 15-19 yo)
2011,74.4,YOUTH_8,Youth (15-19 Years) Engagement in Work/Study - Fully engaged (% of all 15-19 yo)
2011,644,YOUTH_9,Youth (15-19 Years) Engagement in Work/Study - Total - aged 15-19 years (no.)
2011,992,PENSION_2,Selected Government Pensions and Allowances - Age Pension - Centrelink (no.)
2012,999,PENSION_2,Selected Government Pensions and Allowances - Age Pension - Centrelink (no.)
2013,1055,PENSION_2,Selected Government Pensions and Allowances - Age Pension - Centrelink (no.)
2009,109,PENSION_4,Selected Government Pensions and Allowances - Service Pension - DVA (no.)
2010,100,PENSION_4,Selected Government Pensions and Allowances - Service Pension - DVA (no.)
2011,91,PENSION_4,Selected Government Pensions and Allowances - Service Pension - DVA (no.)
2012,76,PENSION_4,Selected Government Pensions and Allowances - Service Pension - DVA (no.)
2013,75,PENSION_4,Selected Government Pensions and Allowances - Service Pension - DVA (no.)
2009,35,PENSION_5,Selected Government Pensions and Allowances - Income Support Supplement - DVA (no.)
2010,34,PENSION_5,Selected Government Pensions and Allowances - Income Support Supplement - DVA (no.)
2011,32,PENSION_5,Selected Government Pensions and Allowances - Income Support Supplement - DVA (no.)
2012,31,PENSION_5,Selected Government Pensions and Allowances - Income Support Supplement - DVA (no.)
2013,28,PENSION_5,Selected Government Pensions and Allowances - Income Support Supplement - DVA (no.)
2011,91,PENSION_6,Selected Government Pensions and Allowances - Carer Payment (no.)
2012,94,PENSION_6,Selected Government Pensions and Allowances - Carer Payment (no.)
2013,108,PENSION_6,Selected Government Pensions and Allowances - Carer Payment (no.)
2011,471,PENSION_7,Selected Government Pensions and Allowances - Disability Support Pension (no.)
2012,473,PENSION_7,Selected Government Pensions and Allowances - Disability Support Pension (no.)
2013,455,PENSION_7,Selected Government Pensions and Allowances - Disability Support Pension (no.)
2010,257,PENSION_8,Selected Government Pensions and Allowances - Newstart Allowance (no.)
2011,223,PENSION_8,Selected Government Pensions and Allowances - Newstart Allowance (no.)
2012,253,PENSION_8,Selected Government Pensions and Allowances - Newstart Allowance (no.)
2013,350,PENSION_8,Selected Government Pensions and Allowances - Newstart Allowance (no.)
2010,60.7,PENSION_9,Selected Government Pensions and Allowances - Newstart Allowance - on income support more than 365 days (%)
2011,67.3,PENSION_9,Selected Government Pensions and Allowances - Newstart Allowance - on income support more than 365 days (%)
2012,60.1,PENSION_9,Selected Government Pensions and Allowances - Newstart Allowance - on income support more than 365 days (%)
2013,61.1,PENSION_9,Selected Government Pensions and Allowances - Newstart Allowance - on income support more than 365 days (%)
2010,168,PENSION_10,Selected Government Pensions and Allowances - Parenting Payment - Single (no.)
2011,159,PENSION_10,Selected Government Pensions and Allowances - Parenting Payment - Single (no.)
2012,160,PENSION_10,Selected Government Pensions and Allowances - Parenting Payment - Single (no.)
2013,185,PENSION_10,Selected Government Pensions and Allowances - Parenting Payment - Single (no.)
2010,52,PENSION_11,Selected Government Pensions and Allowances - Youth Allowance (Full time students/apprentices) (no.)
2011,53,PENSION_11,Selected Government Pensions and Allowances - Youth Allowance (Full time students/apprentices) (no.)
2012,30,PENSION_11,Selected Government Pensions and Allowances - Youth Allowance (Full time students/apprentices) (no.)
2013,21,PENSION_11,Selected Government Pensions and Allowances - Youth Allowance (Full time students/apprentices) (no.)
2010,45,PENSION_12,Selected Government Pensions and Allowances - Youth Allowance (Other) (no.)
2011,41,PENSION_12,Selected Government Pensions and Allowances - Youth Allowance (Other) (no.)
2012,41,PENSION_12,Selected Government Pensions and Allowances - Youth Allowance (Other) (no.)
2013,74,PENSION_12,Selected Government Pensions and Allowances - Youth Allowance (Other) (no.)
2009,828,PENSION_13,Selected Government Pensions and Allowances - Family Tax Benefit A (no.)
2010,794,PENSION_13,Selected Government Pensions and Allowances - Family Tax Benefit A (no.)
2011,746,PENSION_13,Selected Government Pensions and Allowances - Family Tax Benefit A (no.)
2012,638,PENSION_13,Selected Government Pensions and Allowances - Family Tax Benefit A (no.)
2009,838,PENSION_14,Selected Government Pensions and Allowances - Family Tax Benefit B (no.)
2010,851,PENSION_14,Selected Government Pensions and Allowances - Family Tax Benefit B (no.)
2011,834,PENSION_14,Selected Government Pensions and Allowances - Family Tax Benefit B (no.)
2012,735,PENSION_14,Selected Government Pensions and Allowances - Family Tax Benefit B (no.)
2009,924,PENSION_15,Selected Government Pensions and Allowances - Total Family Tax Benefit recipients (no.)
2010,909,PENSION_15,Selected Government Pensions and Allowances - Total Family Tax Benefit recipients (no.)
2011,891,PENSION_15,Selected Government Pensions and Allowances - Total Family Tax Benefit recipients (no.)
2012,769,PENSION_15,Selected Government Pensions and Allowances - Total Family Tax Benefit recipients (no.)
2009,56105,INCOME_2,Estimates of Personal Income - Average wage and salary income ($)
2010,57948,INCOME_2,Estimates of Personal Income - Average wage and salary income ($)
2011,62622,INCOME_2,Estimates of Personal Income - Average wage and salary income ($)
2009,225,INCOME_3,Estimates of Personal Income - Total wage and salary income ($m)
2010,229,INCOME_3,Estimates of Personal Income - Total wage and salary income ($m)
2011,253,INCOME_3,Estimates of Personal Income - Total wage and salary income ($m)
2009,4005,INCOME_4,Estimates of Personal Income - No. of wage and salary earners (no.)
2010,3950,INCOME_4,Estimates of Personal Income - No. of wage and salary earners (no.)
2011,4036,INCOME_4,Estimates of Personal Income - No. of wage and salary earners (no.)
2009,10257,INCOME_5,Estimates of Personal Income - Average own unincorporated business income ($)
2010,8925,INCOME_5,Estimates of Personal Income - Average own unincorporated business income ($)
2011,12246,INCOME_5,Estimates of Personal Income - Average own unincorporated business income ($)
2009,7,INCOME_6,Estimates of Personal Income - Total own unincorporated business income ($m)
2010,6,INCOME_6,Estimates of Personal Income - Total own unincorporated business income ($m)
2011,7,INCOME_6,Estimates of Personal Income - Total own unincorporated business income ($m)
2009,640,INCOME_7,Estimates of Personal Income - No. of own unincorporated business earners (no.)
2010,617,INCOME_7,Estimates of Personal Income - No. of own unincorporated business earners (no.)
2011,573,INCOME_7,Estimates of Personal Income - No. of own unincorporated business earners (no.)
2009,4336,INCOME_8,Estimates of Personal Income - Average investment income ($)
2010,4831,INCOME_8,Estimates of Personal Income - Average investment income ($)
2011,4788,INCOME_8,Estimates of Personal Income - Average investment income ($)
2009,13,INCOME_9,Estimates of Personal Income - Total investment income ($m)
2010,14,INCOME_9,Estimates of Personal Income - Total investment income ($m)
2011,16,INCOME_9,Estimates of Personal Income - Total investment income ($m)
2009,3061,INCOME_10,Estimates of Personal Income - No. of investment income earners (no.)
2010,2935,INCOME_10,Estimates of Personal Income - No. of investment income earners (no.)
2011,3244,INCOME_10,Estimates of Personal Income - No. of investment income earners (no.)
2009,20505,INCOME_11,Estimates of Personal Income - Average superannuation and annuity income ($)
2010,20736,INCOME_11,Estimates of Personal Income - Average superannuation and annuity income ($)
2011,21089,INCOME_11,Estimates of Personal Income - Average superannuation and annuity income ($)
2009,2,INCOME_12,Estimates of Personal Income - Total superannuation and annuity income ($m)
2010,3,INCOME_12,Estimates of Personal Income - Total superannuation and annuity income ($m)
2011,3,INCOME_12,Estimates of Personal Income - Total superannuation and annuity income ($m)
2009,121,INCOME_13,Estimates of Personal Income - No. of superannuation and annuity income earners (no.)
2010,145,INCOME_13,Estimates of Personal Income - No. of superannuation and annuity income earners (no.)
2011,152,INCOME_13,Estimates of Personal Income - No. of superannuation and annuity income earners (no.)
2009,1206,INCOME_14,Estimates of Personal Income - Average other income (excl. Government pensions and allowances) ($)
2010,1197,INCOME_14,Estimates of Personal Income - Average other income (excl. Government pensions and allowances) ($)
2011,1180,INCOME_14,Estimates of Personal Income - Average other income (excl. Government pensions and allowances) ($)
2009,0,INCOME_15,Estimates of Personal Income - Total other income (excl. Government pensions and allowances) ($m)
2010,0,INCOME_15,Estimates of Personal Income - Total other income (excl. Government pensions and allowances) ($m)
2011,1,INCOME_15,Estimates of Personal Income - Total other income (excl. Government pensions and allowances) ($m)
2009,384,INCOME_16,Estimates of Personal Income - No. of other income (excl. Government pensions and allowances) earners (no.)
2010,389,INCOME_16,Estimates of Personal Income - No. of other income (excl. Government pensions and allowances) earners (no.)
2011,537,INCOME_16,Estimates of Personal Income - No. of other income (excl. Government pensions and allowances) earners (no.)
2009,52344,INCOME_17,Estimates of Personal Income - Average total income (excl. Government pensions and allowances) ($)
2010,54088,INCOME_17,Estimates of Personal Income - Average total income (excl. Government pensions and allowances) ($)
2011,59138,INCOME_17,Estimates of Personal Income - Average total income (excl. Government pensions and allowances) ($)
2009,247,INCOME_18,Estimates of Personal Income - Total income (excl. Government pensions and allowances) ($m)
2010,252,INCOME_18,Estimates of Personal Income - Total income (excl. Government pensions and allowances) ($m)
2011,279,INCOME_18,Estimates of Personal Income - Total income (excl. Government pensions and allowances) ($m)
2009,4728,INCOME_19,Estimates of Personal Income - Total no. income earners (excl. Government pensions and allowances) (no.)
2010,4660,INCOME_19,Estimates of Personal Income - Total no. income earners (excl. Government pensions and allowances) (no.)
2011,4720,INCOME_19,Estimates of Personal Income - Total no. income earners (excl. Government pensions and allowances) (no.)
2009,57.4,WAGE_2,Wage and Salary Earners - Males (%)
2010,57.5,WAGE_2,Wage and Salary Earners - Males (%)
2011,57.2,WAGE_2,Wage and Salary Earners - Males (%)
2009,42.6,WAGE_3,Wage and Salary Earners - Females (%)
2010,42.6,WAGE_3,Wage and Salary Earners - Females (%)
2011,42.9,WAGE_3,Wage and Salary Earners - Females (%)
2009,423,WAGE_6,Wage and Salary Earners - Males - Aged 15-24 years (no.)
2010,367,WAGE_6,Wage and Salary Earners - Males - Aged 15-24 years (no.)
2011,366,WAGE_6,Wage and Salary Earners - Males - Aged 15-24 years (no.)
2009,465,WAGE_7,Wage and Salary Earners - Males - Aged 25-34 years (no.)
2010,436,WAGE_7,Wage and Salary Earners - Males - Aged 25-34 years (no.)
2011,453,WAGE_7,Wage and Salary Earners - Males - Aged 25-34 years (no.)
2009,498,WAGE_8,Wage and Salary Earners - Males - Aged 35-44 years (no.)
2010,482,WAGE_8,Wage and Salary Earners - Males - Aged 35-44 years (no.)
2011,483,WAGE_8,Wage and Salary Earners - Males - Aged 35-44 years (no.)
2009,588,WAGE_9,Wage and Salary Earners - Males - Aged 45-54 years (no.)
2010,550,WAGE_9,Wage and Salary Earners - Males - Aged 45-54 years (no.)
2011,543,WAGE_9,Wage and Salary Earners - Males - Aged 45-54 years (no.)
2009,364,WAGE_10,Wage and Salary Earners - Males - Aged 55-64 years (no.)
2010,391,WAGE_10,Wage and Salary Earners - Males - Aged 55-64 years (no.)
2011,406,WAGE_10,Wage and Salary Earners - Males - Aged 55-64 years (no.)
2009,41,WAGE_11,Wage and Salary Earners - Males - Aged 65 years and over (no.)
2010,44,WAGE_11,Wage and Salary Earners - Males - Aged 65 years and over (no.)
2011,56,WAGE_11,Wage and Salary Earners - Males - Aged 65 years and over (no.)
2009,2379,WAGE_12,Wage and Salary Earners - Males - Total (no.)
2010,2270,WAGE_12,Wage and Salary Earners - Males - Total (no.)
2011,2307,WAGE_12,Wage and Salary Earners - Males - Total (no.)
2009,364,WAGE_14,Wage and Salary Earners - Females - Aged 15-24 years (no.)
2010,301,WAGE_14,Wage and Salary Earners - Females - Aged 15-24 years (no.)
2011,312,WAGE_14,Wage and Salary Earners - Females - Aged 15-24 years (no.)
2009,291,WAGE_15,Wage and Salary Earners - Females - Aged 25-34 years (no.)
2010,298,WAGE_15,Wage and Salary Earners - Females - Aged 25-34 years (no.)
2011,310,WAGE_15,Wage and Salary Earners - Females - Aged 25-34 years (no.)
2009,426,WAGE_16,Wage and Salary Earners - Females - Aged 35-44 years (no.)
2010,404,WAGE_16,Wage and Salary Earners - Females - Aged 35-44 years (no.)
2011,429,WAGE_16,Wage and Salary Earners - Females - Aged 35-44 years (no.)
2009,470,WAGE_17,Wage and Salary Earners - Females - Aged 45-54 years (no.)
2010,453,WAGE_17,Wage and Salary Earners - Females - Aged 45-54 years (no.)
2011,422,WAGE_17,Wage and Salary Earners - Females - Aged 45-54 years (no.)
2009,191,WAGE_18,Wage and Salary Earners - Females - Aged 55-64 years (no.)
2010,204,WAGE_18,Wage and Salary Earners - Females - Aged 55-64 years (no.)
2011,233,WAGE_18,Wage and Salary Earners - Females - Aged 55-64 years (no.)
2009,20,WAGE_19,Wage and Salary Earners - Females - Aged 65 years and over (no.)
2010,21,WAGE_19,Wage and Salary Earners - Females - Aged 65 years and over (no.)
2011,24,WAGE_19,Wage and Salary Earners - Females - Aged 65 years and over (no.)
2009,1762,WAGE_20,Wage and Salary Earners - Females - Total (no.)
2010,1681,WAGE_20,Wage and Salary Earners - Females - Total (no.)
2011,1730,WAGE_20,Wage and Salary Earners - Females - Total (no.)
2009,787,WAGE_22,Wage and Salary Earners - Persons - Aged 15-24 years (no.)
2010,668,WAGE_22,Wage and Salary Earners - Persons - Aged 15-24 years (no.)
2011,678,WAGE_22,Wage and Salary Earners - Persons - Aged 15-24 years (no.)
2009,756,WAGE_23,Wage and Salary Earners - Persons - Aged 25-34 years (no.)
2010,734,WAGE_23,Wage and Salary Earners - Persons - Aged 25-34 years (no.)
2011,763,WAGE_23,Wage and Salary Earners - Persons - Aged 25-34 years (no.)
2009,924,WAGE_24,Wage and Salary Earners - Persons - Aged 35-44 years (no.)
2010,886,WAGE_24,Wage and Salary Earners - Persons - Aged 35-44 years (no.)
2011,912,WAGE_24,Wage and Salary Earners - Persons - Aged 35-44 years (no.)
2009,1058,WAGE_25,Wage and Salary Earners - Persons - Aged 45-54 years (no.)
2010,1003,WAGE_25,Wage and Salary Earners - Persons - Aged 45-54 years (no.)
2011,965,WAGE_25,Wage and Salary Earners - Persons - Aged 45-54 years (no.)
2009,555,WAGE_26,Wage and Salary Earners - Persons - Aged 55-64 years (no.)
2010,595,WAGE_26,Wage and Salary Earners - Persons - Aged 55-64 years (no.)
2011,639,WAGE_26,Wage and Salary Earners - Persons - Aged 55-64 years (no.)
2009,61,WAGE_27,Wage and Salary Earners - Persons - Aged 65 years and over (no.)
2010,65,WAGE_27,Wage and Salary Earners - Persons - Aged 65 years and over (no.)
2011,80,WAGE_27,Wage and Salary Earners - Persons - Aged 65 years and over (no.)
2009,4141,WAGE_28,Wage and Salary Earners - Persons - Total (no.)
2010,3950,WAGE_28,Wage and Salary Earners - Persons - Total (no.)
2011,4036,WAGE_28,Wage and Salary Earners - Persons - Total (no.)
2009,19,WAGE_30,Wage and Salary Earners - Persons - Aged 15-24 years (%)
2010,16.9,WAGE_30,Wage and Salary Earners - Persons - Aged 15-24 years (%)
2011,16.8,WAGE_30,Wage and Salary Earners - Persons - Aged 15-24 years (%)
2009,18.3,WAGE_31,Wage and Salary Earners - Persons - Aged 25-34 years (%)
2010,18.6,WAGE_31,Wage and Salary Earners - Persons - Aged 25-34 years (%)
2011,18.9,WAGE_31,Wage and Salary Earners - Persons - Aged 25-34 years (%)
2009,22.3,WAGE_32,Wage and Salary Earners - Persons - Aged 35-44 years (%)
2010,22.4,WAGE_32,Wage and Salary Earners - Persons - Aged 35-44 years (%)
2011,22.6,WAGE_32,Wage and Salary Earners - Persons - Aged 35-44 years (%)
2009,25.5,WAGE_33,Wage and Salary Earners - Persons - Aged 45-54 years (%)
2010,25.4,WAGE_33,Wage and Salary Earners - Persons - Aged 45-54 years (%)
2011,23.9,WAGE_33,Wage and Salary Earners - Persons - Aged 45-54 years (%)
2009,13.4,WAGE_34,Wage and Salary Earners - Persons - Aged 55-64 years (%)
2010,15.1,WAGE_34,Wage and Salary Earners - Persons - Aged 55-64 years (%)
2011,15.8,WAGE_34,Wage and Salary Earners - Persons - Aged 55-64 years (%)
2009,1.5,WAGE_35,Wage and Salary Earners - Persons - Aged 65 years and over (%)
2010,1.6,WAGE_35,Wage and Salary Earners - Persons - Aged 65 years and over (%)
2011,2,WAGE_35,Wage and Salary Earners - Persons - Aged 65 years and over (%)
2010,179,WAGE_OCC_2,Wage and Salary Earners by Occupation - Managers (no.)
2011,183,WAGE_OCC_2,Wage and Salary Earners by Occupation - Managers (no.)
2010,370,WAGE_OCC_3,Wage and Salary Earners by Occupation - Professionals (no.)
2011,374,WAGE_OCC_3,Wage and Salary Earners by Occupation - Professionals (no.)
2010,814,WAGE_OCC_4,Wage and Salary Earners by Occupation - Technicians and trades workers (no.)
2011,830,WAGE_OCC_4,Wage and Salary Earners by Occupation - Technicians and trades workers (no.)
2010,357,WAGE_OCC_5,Wage and Salary Earners by Occupation - Community and personal service workers (no.)
2011,370,WAGE_OCC_5,Wage and Salary Earners by Occupation - Community and personal service workers (no.)
2010,400,WAGE_OCC_6,Wage and Salary Earners by Occupation - Clerical and administrative workers (no.)
2011,380,WAGE_OCC_6,Wage and Salary Earners by Occupation - Clerical and administrative workers (no.)
2010,263,WAGE_OCC_7,Wage and Salary Earners by Occupation - Sales workers (no.)
2011,279,WAGE_OCC_7,Wage and Salary Earners by Occupation - Sales workers (no.)
2010,572,WAGE_OCC_8,Wage and Salary Earners by Occupation - Machinery operators and drivers (no.)
2011,560,WAGE_OCC_8,Wage and Salary Earners by Occupation - Machinery operators and drivers (no.)
2010,677,WAGE_OCC_9,Wage and Salary Earners by Occupation - Labourers (no.)
2011,717,WAGE_OCC_9,Wage and Salary Earners by Occupation - Labourers (no.)
2010,319,WAGE_OCC_10,Wage and Salary Earners by Occupation - Not stated (no.)
2011,345,WAGE_OCC_10,Wage and Salary Earners by Occupation - Not stated (no.)
2010,3950,WAGE_OCC_11,Wage and Salary Earners by Occupation - Total wage and salary earners (no.)
2011,4036,WAGE_OCC_11,Wage and Salary Earners by Occupation - Total wage and salary earners (no.)
2010,5,WAGE_OCC_12,Wage and Salary Earners by Occupation - Managers (%)
2011,5,WAGE_OCC_12,Wage and Salary Earners by Occupation - Managers (%)
2010,9,WAGE_OCC_13,Wage and Salary Earners by Occupation - Professionals (%)
2011,9,WAGE_OCC_13,Wage and Salary Earners by Occupation - Professionals (%)
2010,21,WAGE_OCC_14,Wage and Salary Earners by Occupation - Technicians and trades workers (%)
2011,21,WAGE_OCC_14,Wage and Salary Earners by Occupation - Technicians and trades workers (%)
2010,9,WAGE_OCC_15,Wage and Salary Earners by Occupation - Community and personal service workers (%)
2011,9,WAGE_OCC_15,Wage and Salary Earners by Occupation - Community and personal service workers (%)
2010,10,WAGE_OCC_16,Wage and Salary Earners by Occupation - Clerical and administrative workers (%)
2011,9,WAGE_OCC_16,Wage and Salary Earners by Occupation - Clerical and administrative workers (%)
2010,7,WAGE_OCC_17,Wage and Salary Earners by Occupation - Sales workers (%)
2011,7,WAGE_OCC_17,Wage and Salary Earners by Occupation - Sales workers (%)
2010,14,WAGE_OCC_18,Wage and Salary Earners by Occupation - Machinery operators and drivers (%)
2011,14,WAGE_OCC_18,Wage and Salary Earners by Occupation - Machinery operators and drivers (%)
2010,17,WAGE_OCC_19,Wage and Salary Earners by Occupation - Labourers (%)
2011,18,WAGE_OCC_19,Wage and Salary Earners by Occupation - Labourers (%)
2010,8,WAGE_OCC_20,Wage and Salary Earners by Occupation - Not stated (%)
2011,9,WAGE_OCC_20,Wage and Salary Earners by Occupation - Not stated (%)
2011,901,RENT_2,Rent and Mortgage Payments - Average monthly household rental payment ($)
2011,1726,RENT_3,Rent and Mortgage Payments - Average monthly household mortgage payment ($)
2009,41,BUILDING_2,Building Approvals - Total private sector houses (no.)
2010,59,BUILDING_2,Building Approvals - Total private sector houses (no.)
2011,33,BUILDING_2,Building Approvals - Total private sector houses (no.)
2012,41,BUILDING_2,Building Approvals - Total private sector houses (no.)
2013,35,BUILDING_2,Building Approvals - Total private sector houses (no.)
2009,41,BUILDING_3,Building Approvals - Total new private sector houses (no.)
2010,59,BUILDING_3,Building Approvals - Total new private sector houses (no.)
2011,33,BUILDING_3,Building Approvals - Total new private sector houses (no.)
2012,41,BUILDING_3,Building Approvals - Total new private sector houses (no.)
2013,35,BUILDING_3,Building Approvals - Total new private sector houses (no.)
2009,49,BUILDING_4,Building Approvals - Total dwelling units (no.)
2010,80,BUILDING_4,Building Approvals - Total dwelling units (no.)
2011,33,BUILDING_4,Building Approvals - Total dwelling units (no.)
2012,41,BUILDING_4,Building Approvals - Total dwelling units (no.)
2013,41,BUILDING_4,Building Approvals - Total dwelling units (no.)
2009,11,BUILDING_5,Building Approvals - Value of total private sector houses ($m)
2010,16,BUILDING_5,Building Approvals - Value of total private sector houses ($m)
2011,9,BUILDING_5,Building Approvals - Value of total private sector houses ($m)
2012,11,BUILDING_5,Building Approvals - Value of total private sector houses ($m)
2013,9,BUILDING_5,Building Approvals - Value of total private sector houses ($m)
2009,9,BUILDING_6,Building Approvals - Value of new private sector housing ($m)
2010,14,BUILDING_6,Building Approvals - Value of new private sector housing ($m)
2011,7,BUILDING_6,Building Approvals - Value of new private sector housing ($m)
2012,10,BUILDING_6,Building Approvals - Value of new private sector housing ($m)
2013,8,BUILDING_6,Building Approvals - Value of new private sector housing ($m)
2009,10,BUILDING_7,Building Approvals - Value of new residential building ($m)
2010,17,BUILDING_7,Building Approvals - Value of new residential building ($m)
2011,7,BUILDING_7,Building Approvals - Value of new residential building ($m)
2012,10,BUILDING_7,Building Approvals - Value of new residential building ($m)
2013,9,BUILDING_7,Building Approvals - Value of new residential building ($m)
2009,12,BUILDING_8,Building Approvals - Value of total residential building ($m)
2010,19,BUILDING_8,Building Approvals - Value of total residential building ($m)
2011,9,BUILDING_8,Building Approvals - Value of total residential building ($m)
2012,11,BUILDING_8,Building Approvals - Value of total residential building ($m)
2013,10,BUILDING_8,Building Approvals - Value of total residential building ($m)
2009,4,BUILDING_9,Building Approvals - Value of total non-residential building ($m)
2010,5,BUILDING_9,Building Approvals - Value of total non-residential building ($m)
2011,8,BUILDING_9,Building Approvals - Value of total non-residential building ($m)
2012,1,BUILDING_9,Building Approvals - Value of total non-residential building ($m)
2013,3,BUILDING_9,Building Approvals - Value of total non-residential building ($m)
2009,16,BUILDING_10,Building Approvals - Value of total building ($m)
2010,25,BUILDING_10,Building Approvals - Value of total building ($m)
2011,17,BUILDING_10,Building Approvals - Value of total building ($m)
2012,11,BUILDING_10,Building Approvals - Value of total building ($m)
2013,13,BUILDING_10,Building Approvals - Value of total building ($m)
2009,262,BUILDING_11,Building Approvals - Average value of private sector houses ($'000)
2010,267,BUILDING_11,Building Approvals - Average value of private sector houses ($'000)
2011,267,BUILDING_11,Building Approvals - Average value of private sector houses ($'000)
2012,279,BUILDING_11,Building Approvals - Average value of private sector houses ($'000)
2013,259,BUILDING_11,Building Approvals - Average value of private sector houses ($'000)
2009,20.6,ERP_6,Estimated Resident Population - Persons - 0-14 years (%)
2010,19.5,ERP_6,Estimated Resident Population - Persons - 0-14 years (%)
2011,19.3,ERP_6,Estimated Resident Population - Persons - 0-14 years (%)
2012,19.2,ERP_6,Estimated Resident Population - Persons - 0-14 years (%)
2013,18.8,ERP_6,Estimated Resident Population - Persons - 0-14 years (%)
2009,13.5,ERP_7,Estimated Resident Population - Persons - 15-24 years (%)
2010,13.6,ERP_7,Estimated Resident Population - Persons - 15-24 years (%)
2011,12.7,ERP_7,Estimated Resident Population - Persons - 15-24 years (%)
2012,12.2,ERP_7,Estimated Resident Population - Persons - 15-24 years (%)
2013,11.9,ERP_7,Estimated Resident Population - Persons - 15-24 years (%)
2009,11.6,ERP_8,Estimated Resident Population - Persons - 25-34 years (%)
2010,12.4,ERP_8,Estimated Resident Population - Persons - 25-34 years (%)
2011,12.1,ERP_8,Estimated Resident Population - Persons - 25-34 years (%)
2012,12.6,ERP_8,Estimated Resident Population - Persons - 25-34 years (%)
2013,13.1,ERP_8,Estimated Resident Population - Persons - 25-34 years (%)
2009,14.1,ERP_9,Estimated Resident Population - Persons - 35-44 years (%)
2010,13.9,ERP_9,Estimated Resident Population - Persons - 35-44 years (%)
2011,13.9,ERP_9,Estimated Resident Population - Persons - 35-44 years (%)
2012,13.6,ERP_9,Estimated Resident Population - Persons - 35-44 years (%)
2013,13.6,ERP_9,Estimated Resident Population - Persons - 35-44 years (%)
2009,15.5,ERP_10,Estimated Resident Population - Persons - 45-54 years (%)
2010,15.4,ERP_10,Estimated Resident Population - Persons - 45-54 years (%)
2011,15.3,ERP_10,Estimated Resident Population - Persons - 45-54 years (%)
2012,15.2,ERP_10,Estimated Resident Population - Persons - 45-54 years (%)
2013,15.2,ERP_10,Estimated Resident Population - Persons - 45-54 years (%)
2009,12.3,ERP_11,Estimated Resident Population - Persons - 55-64 years (%)
2010,12.8,ERP_11,Estimated Resident Population - Persons - 55-64 years (%)
2011,13.6,ERP_11,Estimated Resident Population - Persons - 55-64 years (%)
2012,14,ERP_11,Estimated Resident Population - Persons - 55-64 years (%)
2013,14,ERP_11,Estimated Resident Population - Persons - 55-64 years (%)
2009,6.8,ERP_12,Estimated Resident Population - Persons - 65-74 years (%)
2010,6.9,ERP_12,Estimated Resident Population - Persons - 65-74 years (%)
2011,7.1,ERP_12,Estimated Resident Population - Persons - 65-74 years (%)
2012,7.2,ERP_12,Estimated Resident Population - Persons - 65-74 years (%)
2013,7.7,ERP_12,Estimated Resident Population - Persons - 65-74 years (%)
2009,4.2,ERP_13,Estimated Resident Population - Persons - 75-84 years (%)
2010,4.1,ERP_13,Estimated Resident Population - Persons - 75-84 years (%)
2011,4.3,ERP_13,Estimated Resident Population - Persons - 75-84 years (%)
2012,4.2,ERP_13,Estimated Resident Population - Persons - 75-84 years (%)
2013,4,ERP_13,Estimated Resident Population - Persons - 75-84 years (%)
2009,1.4,ERP_14,Estimated Resident Population - Persons - 85 years and over (%)
2010,1.5,ERP_14,Estimated Resident Population - Persons - 85 years and over (%)
2011,1.6,ERP_14,Estimated Resident Population - Persons - 85 years and over (%)
2012,1.6,ERP_14,Estimated Resident Population - Persons - 85 years and over (%)
2013,1.7,ERP_14,Estimated Resident Population - Persons - 85 years and over (%)
2009,293,ERP_M_2,Estimated Resident Population - Males - 0-4 years (no.)
2010,291,ERP_M_2,Estimated Resident Population - Males - 0-4 years (no.)
2011,298,ERP_M_2,Estimated Resident Population - Males - 0-4 years (no.)
2012,303,ERP_M_2,Estimated Resident Population - Males - 0-4 years (no.)
2013,309,ERP_M_2,Estimated Resident Population - Males - 0-4 years (no.)
2009,321,ERP_M_3,Estimated Resident Population - Males - 5-9 years (no.)
2010,303,ERP_M_3,Estimated Resident Population - Males - 5-9 years (no.)
2011,304,ERP_M_3,Estimated Resident Population - Males - 5-9 years (no.)
2012,316,ERP_M_3,Estimated Resident Population - Males - 5-9 years (no.)
2013,323,ERP_M_3,Estimated Resident Population - Males - 5-9 years (no.)
2009,374,ERP_M_4,Estimated Resident Population - Males - 10-14 years (no.)
2010,354,ERP_M_4,Estimated Resident Population - Males - 10-14 years (no.)
2011,338,ERP_M_4,Estimated Resident Population - Males - 10-14 years (no.)
2012,343,ERP_M_4,Estimated Resident Population - Males - 10-14 years (no.)
2013,335,ERP_M_4,Estimated Resident Population - Males - 10-14 years (no.)
2009,359,ERP_M_5,Estimated Resident Population - Males - 15-19 years (no.)
2010,369,ERP_M_5,Estimated Resident Population - Males - 15-19 years (no.)
2011,358,ERP_M_5,Estimated Resident Population - Males - 15-19 years (no.)
2012,333,ERP_M_5,Estimated Resident Population - Males - 15-19 years (no.)
2013,316,ERP_M_5,Estimated Resident Population - Males - 15-19 years (no.)
2009,289,ERP_M_6,Estimated Resident Population - Males - 20-24 years (no.)
2010,289,ERP_M_6,Estimated Resident Population - Males - 20-24 years (no.)
2011,296,ERP_M_6,Estimated Resident Population - Males - 20-24 years (no.)
2012,316,ERP_M_6,Estimated Resident Population - Males - 20-24 years (no.)
2013,323,ERP_M_6,Estimated Resident Population - Males - 20-24 years (no.)
2009,300,ERP_M_7,Estimated Resident Population - Males - 25-29 years (no.)
2010,334,ERP_M_7,Estimated Resident Population - Males - 25-29 years (no.)
2011,359,ERP_M_7,Estimated Resident Population - Males - 25-29 years (no.)
2012,386,ERP_M_7,Estimated Resident Population - Males - 25-29 years (no.)
2013,408,ERP_M_7,Estimated Resident Population - Males - 25-29 years (no.)
2009,258,ERP_M_8,Estimated Resident Population - Males - 30-34 years (no.)
2010,275,ERP_M_8,Estimated Resident Population - Males - 30-34 years (no.)
2011,287,ERP_M_8,Estimated Resident Population - Males - 30-34 years (no.)
2012,322,ERP_M_8,Estimated Resident Population - Males - 30-34 years (no.)
2013,367,ERP_M_8,Estimated Resident Population - Males - 30-34 years (no.)
2009,292,ERP_M_9,Estimated Resident Population - Males - 35-39 years (no.)
2010,284,ERP_M_9,Estimated Resident Population - Males - 35-39 years (no.)
2011,285,ERP_M_9,Estimated Resident Population - Males - 35-39 years (no.)
2012,289,ERP_M_9,Estimated Resident Population - Males - 35-39 years (no.)
2013,309,ERP_M_9,Estimated Resident Population - Males - 35-39 years (no.)
2009,376,ERP_M_10,Estimated Resident Population - Males - 40-44 years (no.)
2010,383,ERP_M_10,Estimated Resident Population - Males - 40-44 years (no.)
2011,383,ERP_M_10,Estimated Resident Population - Males - 40-44 years (no.)
2012,398,ERP_M_10,Estimated Resident Population - Males - 40-44 years (no.)
2013,406,ERP_M_10,Estimated Resident Population - Males - 40-44 years (no.)
2009,374,ERP_M_11,Estimated Resident Population - Males - 45-49 years (no.)
2010,387,ERP_M_11,Estimated Resident Population - Males - 45-49 years (no.)
2011,389,ERP_M_11,Estimated Resident Population - Males - 45-49 years (no.)
2012,415,ERP_M_11,Estimated Resident Population - Males - 45-49 years (no.)
2013,428,ERP_M_11,Estimated Resident Population - Males - 45-49 years (no.)
2009,392,ERP_M_12,Estimated Resident Population - Males - 50-54 years (no.)
2010,396,ERP_M_12,Estimated Resident Population - Males - 50-54 years (no.)
2011,404,ERP_M_12,Estimated Resident Population - Males - 50-54 years (no.)
2012,407,ERP_M_12,Estimated Resident Population - Males - 50-54 years (no.)
2013,430,ERP_M_12,Estimated Resident Population - Males - 50-54 years (no.)
2009,328,ERP_M_13,Estimated Resident Population - Males - 55-59 years (no.)
2010,360,ERP_M_13,Estimated Resident Population - Males - 55-59 years (no.)
2011,401,ERP_M_13,Estimated Resident Population - Males - 55-59 years (no.)
2012,418,ERP_M_13,Estimated Resident Population - Males - 55-59 years (no.)
2013,426,ERP_M_13,Estimated Resident Population - Males - 55-59 years (no.)
2009,285,ERP_M_14,Estimated Resident Population - Males - 60-64 years (no.)
2010,289,ERP_M_14,Estimated Resident Population - Males - 60-64 years (no.)
2011,288,ERP_M_14,Estimated Resident Population - Males - 60-64 years (no.)
2012,317,ERP_M_14,Estimated Resident Population - Males - 60-64 years (no.)
2013,331,ERP_M_14,Estimated Resident Population - Males - 60-64 years (no.)
2009,184,ERP_M_15,Estimated Resident Population - Males - 65-69 years (no.)
2010,203,ERP_M_15,Estimated Resident Population - Males - 65-69 years (no.)
2011,214,ERP_M_15,Estimated Resident Population - Males - 65-69 years (no.)
2012,224,ERP_M_15,Estimated Resident Population - Males - 65-69 years (no.)
2013,242,ERP_M_15,Estimated Resident Population - Males - 65-69 years (no.)
2009,132,ERP_M_16,Estimated Resident Population - Males - 70-74 years (no.)
2010,127,ERP_M_16,Estimated Resident Population - Males - 70-74 years (no.)
2011,128,ERP_M_16,Estimated Resident Population - Males - 70-74 years (no.)
2012,132,ERP_M_16,Estimated Resident Population - Males - 70-74 years (no.)
2013,143,ERP_M_16,Estimated Resident Population - Males - 70-74 years (no.)
2009,111,ERP_M_17,Estimated Resident Population - Males - 75-79 years (no.)
2010,111,ERP_M_17,Estimated Resident Population - Males - 75-79 years (no.)
2011,106,ERP_M_17,Estimated Resident Population - Males - 75-79 years (no.)
2012,91,ERP_M_17,Estimated Resident Population - Males - 75-79 years (no.)
2013,96,ERP_M_17,Estimated Resident Population - Males - 75-79 years (no.)
2009,72,ERP_M_18,Estimated Resident Population - Males - 80-84 years (no.)
2010,71,ERP_M_18,Estimated Resident Population - Males - 80-84 years (no.)
2011,70,ERP_M_18,Estimated Resident Population - Males - 80-84 years (no.)
2012,79,ERP_M_18,Estimated Resident Population - Males - 80-84 years (no.)
2013,75,ERP_M_18,Estimated Resident Population - Males - 80-84 years (no.)
2009,43,ERP_M_19,Estimated Resident Population - Males - 85 and over (no.)
2010,44,ERP_M_19,Estimated Resident Population - Males - 85 and over (no.)
2011,45,ERP_M_19,Estimated Resident Population - Males - 85 and over (no.)
2012,52,ERP_M_19,Estimated Resident Population - Males - 85 and over (no.)
2013,55,ERP_M_19,Estimated Resident Population - Males - 85 and over (no.)
2009,4783,ERP_M_20,Estimated Resident Population - Males - Total (no.)
2010,4870,ERP_M_20,Estimated Resident Population - Males - Total (no.)
2011,4953,ERP_M_20,Estimated Resident Population - Males - Total (no.)
2012,5141,ERP_M_20,Estimated Resident Population - Males - Total (no.)
2013,5322,ERP_M_20,Estimated Resident Population - Males - Total (no.)
2009,253,ERP_F_2,Estimated Resident Population - Females - 0-4 years (no.)
2010,260,ERP_F_2,Estimated Resident Population - Females - 0-4 years (no.)
2011,268,ERP_F_2,Estimated Resident Population - Females - 0-4 years (no.)
2012,273,ERP_F_2,Estimated Resident Population - Females - 0-4 years (no.)
2013,264,ERP_F_2,Estimated Resident Population - Females - 0-4 years (no.)
2009,287,ERP_F_3,Estimated Resident Population - Females - 5-9 years (no.)
2010,257,ERP_F_3,Estimated Resident Population - Females - 5-9 years (no.)
2011,270,ERP_F_3,Estimated Resident Population - Females - 5-9 years (no.)
2012,268,ERP_F_3,Estimated Resident Population - Females - 5-9 years (no.)
2013,275,ERP_F_3,Estimated Resident Population - Females - 5-9 years (no.)
2009,347,ERP_F_4,Estimated Resident Population - Females - 10-14 years (no.)
2010,332,ERP_F_4,Estimated Resident Population - Females - 10-14 years (no.)
2011,326,ERP_F_4,Estimated Resident Population - Females - 10-14 years (no.)
2012,328,ERP_F_4,Estimated Resident Population - Females - 10-14 years (no.)
2013,314,ERP_F_4,Estimated Resident Population - Females - 10-14 years (no.)
2009,316,ERP_F_5,Estimated Resident Population - Females - 15-19 years (no.)
2010,328,ERP_F_5,Estimated Resident Population - Females - 15-19 years (no.)
2011,302,ERP_F_5,Estimated Resident Population - Females - 15-19 years (no.)
2012,294,ERP_F_5,Estimated Resident Population - Females - 15-19 years (no.)
2013,285,ERP_F_5,Estimated Resident Population - Females - 15-19 years (no.)
2009,272,ERP_F_6,Estimated Resident Population - Females - 20-24 years (no.)
2010,269,ERP_F_6,Estimated Resident Population - Females - 20-24 years (no.)
2011,233,ERP_F_6,Estimated Resident Population - Females - 20-24 years (no.)
2012,223,ERP_F_6,Estimated Resident Population - Females - 20-24 years (no.)
2013,226,ERP_F_6,Estimated Resident Population - Females - 20-24 years (no.)
2009,264,ERP_F_7,Estimated Resident Population - Females - 25-29 years (no.)
2010,307,ERP_F_7,Estimated Resident Population - Females - 25-29 years (no.)
2011,232,ERP_F_7,Estimated Resident Population - Females - 25-29 years (no.)
2012,240,ERP_F_7,Estimated Resident Population - Females - 25-29 years (no.)
2013,235,ERP_F_7,Estimated Resident Population - Females - 25-29 years (no.)
2009,240,ERP_F_8,Estimated Resident Population - Females - 30-34 years (no.)
2010,229,ERP_F_8,Estimated Resident Population - Females - 30-34 years (no.)
2011,255,ERP_F_8,Estimated Resident Population - Females - 30-34 years (no.)
2012,256,ERP_F_8,Estimated Resident Population - Females - 30-34 years (no.)
2013,264,ERP_F_8,Estimated Resident Population - Females - 30-34 years (no.)
2009,320,ERP_F_9,Estimated Resident Population - Females - 35-39 years (no.)
2010,307,ERP_F_9,Estimated Resident Population - Females - 35-39 years (no.)
2011,300,ERP_F_9,Estimated Resident Population - Females - 35-39 years (no.)
2012,272,ERP_F_9,Estimated Resident Population - Females - 35-39 years (no.)
2013,255,ERP_F_9,Estimated Resident Population - Females - 35-39 years (no.)
2009,300,ERP_F_10,Estimated Resident Population - Females - 40-44 years (no.)
2010,304,ERP_F_10,Estimated Resident Population - Females - 40-44 years (no.)
2011,333,ERP_F_10,Estimated Resident Population - Females - 40-44 years (no.)
2012,339,ERP_F_10,Estimated Resident Population - Females - 40-44 years (no.)
2013,344,ERP_F_10,Estimated Resident Population - Females - 40-44 years (no.)
2009,314,ERP_F_11,Estimated Resident Population - Females - 45-49 years (no.)
2010,304,ERP_F_11,Estimated Resident Population - Females - 45-49 years (no.)
2011,299,ERP_F_11,Estimated Resident Population - Females - 45-49 years (no.)
2012,289,ERP_F_11,Estimated Resident Population - Females - 45-49 years (no.)
2013,276,ERP_F_11,Estimated Resident Population - Females - 45-49 years (no.)
2009,335,ERP_F_12,Estimated Resident Population - Females - 50-54 years (no.)
2010,331,ERP_F_12,Estimated Resident Population - Females - 50-54 years (no.)
2011,337,ERP_F_12,Estimated Resident Population - Females - 50-54 years (no.)
2012,337,ERP_F_12,Estimated Resident Population - Females - 50-54 years (no.)
2013,341,ERP_F_12,Estimated Resident Population - Females - 50-54 years (no.)
2009,275,ERP_F_13,Estimated Resident Population - Females - 55-59 years (no.)
2010,271,ERP_F_13,Estimated Resident Population - Females - 55-59 years (no.)
2011,308,ERP_F_13,Estimated Resident Population - Females - 55-59 years (no.)
2012,331,ERP_F_13,Estimated Resident Population - Females - 55-59 years (no.)
2013,333,ERP_F_13,Estimated Resident Population - Females - 55-59 years (no.)
2009,234,ERP_F_14,Estimated Resident Population - Females - 60-64 years (no.)
2010,257,ERP_F_14,Estimated Resident Population - Females - 60-64 years (no.)
2011,277,ERP_F_14,Estimated Resident Population - Females - 60-64 years (no.)
2012,264,ERP_F_14,Estimated Resident Population - Females - 60-64 years (no.)
2013,268,ERP_F_14,Estimated Resident Population - Females - 60-64 years (no.)
2009,175,ERP_F_15,Estimated Resident Population - Females - 65-69 years (no.)
2010,176,ERP_F_15,Estimated Resident Population - Females - 65-69 years (no.)
2011,191,ERP_F_15,Estimated Resident Population - Females - 65-69 years (no.)
2012,197,ERP_F_15,Estimated Resident Population - Females - 65-69 years (no.)
2013,217,ERP_F_15,Estimated Resident Population - Females - 65-69 years (no.)
2009,126,ERP_F_16,Estimated Resident Population - Females - 70-74 years (no.)
2010,127,ERP_F_16,Estimated Resident Population - Females - 70-74 years (no.)
2011,128,ERP_F_16,Estimated Resident Population - Females - 70-74 years (no.)
2012,137,ERP_F_16,Estimated Resident Population - Females - 70-74 years (no.)
2013,148,ERP_F_16,Estimated Resident Population - Females - 70-74 years (no.)
2009,115,ERP_F_17,Estimated Resident Population - Females - 75-79 years (no.)
2010,119,ERP_F_17,Estimated Resident Population - Females - 75-79 years (no.)
2011,139,ERP_F_17,Estimated Resident Population - Females - 75-79 years (no.)
2012,137,ERP_F_17,Estimated Resident Population - Females - 75-79 years (no.)
2013,112,ERP_F_17,Estimated Resident Population - Females - 75-79 years (no.)
2009,81,ERP_F_18,Estimated Resident Population - Females - 80-84 years (no.)
2010,78,ERP_F_18,Estimated Resident Population - Females - 80-84 years (no.)
2011,87,ERP_F_18,Estimated Resident Population - Females - 80-84 years (no.)
2012,96,ERP_F_18,Estimated Resident Population - Females - 80-84 years (no.)
2013,103,ERP_F_18,Estimated Resident Population - Females - 80-84 years (no.)
2009,85,ERP_F_19,Estimated Resident Population - Females - 85 and over (no.)
2010,92,ERP_F_19,Estimated Resident Population - Females - 85 and over (no.)
2011,105,ERP_F_19,Estimated Resident Population - Females - 85 and over (no.)
2012,104,ERP_F_19,Estimated Resident Population - Females - 85 and over (no.)
2013,110,ERP_F_19,Estimated Resident Population - Females - 85 and over (no.)
2009,4339,ERP_F_20,Estimated Resident Population - Females - Total (no.)
2010,4348,ERP_F_20,Estimated Resident Population - Females - Total (no.)
2011,4390,ERP_F_20,Estimated Resident Population - Females - Total (no.)
2012,4385,ERP_F_20,Estimated Resident Population - Females - Total (no.)
2013,4370,ERP_F_20,Estimated Resident Population - Females - Total (no.)
2009,546,ERP_P_2,Estimated Resident Population - Persons - 0-4 years (no.)
2010,551,ERP_P_2,Estimated Resident Population - Persons - 0-4 years (no.)
2011,566,ERP_P_2,Estimated Resident Population - Persons - 0-4 years (no.)
2012,576,ERP_P_2,Estimated Resident Population - Persons - 0-4 years (no.)
2013,573,ERP_P_2,Estimated Resident Population - Persons - 0-4 years (no.)
2009,608,ERP_P_3,Estimated Resident Population - Persons - 5-9 years (no.)
2010,560,ERP_P_3,Estimated Resident Population - Persons - 5-9 years (no.)
2011,574,ERP_P_3,Estimated Resident Population - Persons - 5-9 years (no.)
2012,584,ERP_P_3,Estimated Resident Population - Persons - 5-9 years (no.)
2013,598,ERP_P_3,Estimated Resident Population - Persons - 5-9 years (no.)
2009,721,ERP_P_4,Estimated Resident Population - Persons - 10-14 years (no.)
2010,686,ERP_P_4,Estimated Resident Population - Persons - 10-14 years (no.)
2011,664,ERP_P_4,Estimated Resident Population - Persons - 10-14 years (no.)
2012,671,ERP_P_4,Estimated Resident Population - Persons - 10-14 years (no.)
2013,649,ERP_P_4,Estimated Resident Population - Persons - 10-14 years (no.)
2009,675,ERP_P_5,Estimated Resident Population - Persons - 15-19 years (no.)
2010,697,ERP_P_5,Estimated Resident Population - Persons - 15-19 years (no.)
2011,660,ERP_P_5,Estimated Resident Population - Persons - 15-19 years (no.)
2012,627,ERP_P_5,Estimated Resident Population - Persons - 15-19 years (no.)
2013,601,ERP_P_5,Estimated Resident Population - Persons - 15-19 years (no.)
2009,561,ERP_P_6,Estimated Resident Population - Persons - 20-24 years (no.)
2010,558,ERP_P_6,Estimated Resident Population - Persons - 20-24 years (no.)
2011,529,ERP_P_6,Estimated Resident Population - Persons - 20-24 years (no.)
2012,539,ERP_P_6,Estimated Resident Population - Persons - 20-24 years (no.)
2013,549,ERP_P_6,Estimated Resident Population - Persons - 20-24 years (no.)
2009,564,ERP_P_7,Estimated Resident Population - Persons - 25-29 years (no.)
2010,641,ERP_P_7,Estimated Resident Population - Persons - 25-29 years (no.)
2011,591,ERP_P_7,Estimated Resident Population - Persons - 25-29 years (no.)
2012,626,ERP_P_7,Estimated Resident Population - Persons - 25-29 years (no.)
2013,643,ERP_P_7,Estimated Resident Population - Persons - 25-29 years (no.)
2009,498,ERP_P_8,Estimated Resident Population - Persons - 30-34 years (no.)
2010,504,ERP_P_8,Estimated Resident Population - Persons - 30-34 years (no.)
2011,542,ERP_P_8,Estimated Resident Population - Persons - 30-34 years (no.)
2012,578,ERP_P_8,Estimated Resident Population - Persons - 30-34 years (no.)
2013,631,ERP_P_8,Estimated Resident Population - Persons - 30-34 years (no.)
2009,612,ERP_P_9,Estimated Resident Population - Persons - 35-39 years (no.)
2010,591,ERP_P_9,Estimated Resident Population - Persons - 35-39 years (no.)
2011,585,ERP_P_9,Estimated Resident Population - Persons - 35-39 years (no.)
2012,561,ERP_P_9,Estimated Resident Population - Persons - 35-39 years (no.)
2013,564,ERP_P_9,Estimated Resident Population - Persons - 35-39 years (no.)
2009,676,ERP_P_10,Estimated Resident Population - Persons - 40-44 years (no.)
2010,687,ERP_P_10,Estimated Resident Population - Persons - 40-44 years (no.)
2011,716,ERP_P_10,Estimated Resident Population - Persons - 40-44 years (no.)
2012,737,ERP_P_10,Estimated Resident Population - Persons - 40-44 years (no.)
2013,750,ERP_P_10,Estimated Resident Population - Persons - 40-44 years (no.)
2009,688,ERP_P_11,Estimated Resident Population - Persons - 45-49 years (no.)
2010,691,ERP_P_11,Estimated Resident Population - Persons - 45-49 years (no.)
2011,688,ERP_P_11,Estimated Resident Population - Persons - 45-49 years (no.)
2012,704,ERP_P_11,Estimated Resident Population - Persons - 45-49 years (no.)
2013,704,ERP_P_11,Estimated Resident Population - Persons - 45-49 years (no.)
2009,727,ERP_P_12,Estimated Resident Population - Persons - 50-54 years (no.)
2010,727,ERP_P_12,Estimated Resident Population - Persons - 50-54 years (no.)
2011,741,ERP_P_12,Estimated Resident Population - Persons - 50-54 years (no.)
2012,744,ERP_P_12,Estimated Resident Population - Persons - 50-54 years (no.)
2013,771,ERP_P_12,Estimated Resident Population - Persons - 50-54 years (no.)
2009,603,ERP_P_13,Estimated Resident Population - Persons - 55-59 years (no.)
2010,631,ERP_P_13,Estimated Resident Population - Persons - 55-59 years (no.)
2011,709,ERP_P_13,Estimated Resident Population - Persons - 55-59 years (no.)
2012,749,ERP_P_13,Estimated Resident Population - Persons - 55-59 years (no.)
2013,759,ERP_P_13,Estimated Resident Population - Persons - 55-59 years (no.)
2009,519,ERP_P_14,Estimated Resident Population - Persons - 60-64 years (no.)
2010,546,ERP_P_14,Estimated Resident Population - Persons - 60-64 years (no.)
2011,565,ERP_P_14,Estimated Resident Population - Persons - 60-64 years (no.)
2012,581,ERP_P_14,Estimated Resident Population - Persons - 60-64 years (no.)
2013,599,ERP_P_14,Estimated Resident Population - Persons - 60-64 years (no.)
2009,359,ERP_P_15,Estimated Resident Population - Persons - 65-69 years (no.)
2010,379,ERP_P_15,Estimated Resident Population - Persons - 65-69 years (no.)
2011,405,ERP_P_15,Estimated Resident Population - Persons - 65-69 years (no.)
2012,421,ERP_P_15,Estimated Resident Population - Persons - 65-69 years (no.)
2013,459,ERP_P_15,Estimated Resident Population - Persons - 65-69 years (no.)
2009,258,ERP_P_16,Estimated Resident Population - Persons - 70-74 years (no.)
2010,254,ERP_P_16,Estimated Resident Population - Persons - 70-74 years (no.)
2011,256,ERP_P_16,Estimated Resident Population - Persons - 70-74 years (no.)
2012,269,ERP_P_16,Estimated Resident Population - Persons - 70-74 years (no.)
2013,291,ERP_P_16,Estimated Resident Population - Persons - 70-74 years (no.)
2009,226,ERP_P_17,Estimated Resident Population - Persons - 75-79 years (no.)
2010,230,ERP_P_17,Estimated Resident Population - Persons - 75-79 years (no.)
2011,245,ERP_P_17,Estimated Resident Population - Persons - 75-79 years (no.)
2012,228,ERP_P_17,Estimated Resident Population - Persons - 75-79 years (no.)
2013,208,ERP_P_17,Estimated Resident Population - Persons - 75-79 years (no.)
2009,153,ERP_P_18,Estimated Resident Population - Persons - 80-84 years (no.)
2010,149,ERP_P_18,Estimated Resident Population - Persons - 80-84 years (no.)
2011,157,ERP_P_18,Estimated Resident Population - Persons - 80-84 years (no.)
2012,175,ERP_P_18,Estimated Resident Population - Persons - 80-84 years (no.)
2013,178,ERP_P_18,Estimated Resident Population - Persons - 80-84 years (no.)
2009,128,ERP_P_19,Estimated Resident Population - Persons - 85 and over (no.)
2010,136,ERP_P_19,Estimated Resident Population - Persons - 85 and over (no.)
2011,150,ERP_P_19,Estimated Resident Population - Persons - 85 and over (no.)
2012,156,ERP_P_19,Estimated Resident Population - Persons - 85 and over (no.)
2013,165,ERP_P_19,Estimated Resident Population - Persons - 85 and over (no.)
2009,9122,ERP_P_20,Estimated Resident Population - Persons - Total (no.)
2010,9218,ERP_P_20,Estimated Resident Population - Persons - Total (no.)
2011,9343,ERP_P_20,Estimated Resident Population - Persons - Total (no.)
2012,9526,ERP_P_20,Estimated Resident Population - Persons - Total (no.)
2013,9692,ERP_P_20,Estimated Resident Population - Persons - Total (no.)
2009,67.1,ERP_18,"Estimated Resident Population - Working Age Population (aged 15-64 years), ERP at 30 June (% of total) (%)"
2010,68.1,ERP_18,"Estimated Resident Population - Working Age Population (aged 15-64 years), ERP at 30 June (% of total) (%)"
2011,67.7,ERP_18,"Estimated Resident Population - Working Age Population (aged 15-64 years), ERP at 30 June (% of total) (%)"
2012,67.7,ERP_18,"Estimated Resident Population - Working Age Population (aged 15-64 years), ERP at 30 June (% of total) (%)"
2013,67.8,ERP_18,"Estimated Resident Population - Working Age Population (aged 15-64 years), ERP at 30 June (% of total) (%)"
2009,38.3,ERP_19,"Estimated Resident Population - Median Age - Usual Residents, ERP at 30 June (years)"
2010,38.7,ERP_19,"Estimated Resident Population - Median Age - Usual Residents, ERP at 30 June (years)"
2011,39.7,ERP_19,"Estimated Resident Population - Median Age - Usual Residents, ERP at 30 June (years)"
2012,40,ERP_19,"Estimated Resident Population - Median Age - Usual Residents, ERP at 30 June (years)"
2013,40.3,ERP_19,"Estimated Resident Population - Median Age - Usual Residents, ERP at 30 June (years)"
2009,120,BD_2,Births and Deaths - Births (no.)
2010,113,BD_2,Births and Deaths - Births (no.)
2011,117,BD_2,Births and Deaths - Births (no.)
2012,117,BD_2,Births and Deaths - Births (no.)
2013,104,BD_2,Births and Deaths - Births (no.)
2009,2.3,BD_3,Births and Deaths - Total fertility rate ( per female) (rate)
2010,2.2,BD_3,Births and Deaths - Total fertility rate ( per female) (rate)
2011,2.2,BD_3,Births and Deaths - Total fertility rate ( per female) (rate)
2012,2.3,BD_3,Births and Deaths - Total fertility rate ( per female) (rate)
2013,2.3,BD_3,Births and Deaths - Total fertility rate ( per female) (rate)
2009,76,BD_4,Births and Deaths - Deaths (no.)
2010,64,BD_4,Births and Deaths - Deaths (no.)
2011,56,BD_4,Births and Deaths - Deaths (no.)
2012,77,BD_4,Births and Deaths - Deaths (no.)
2013,72,BD_4,Births and Deaths - Deaths (no.)
2009,8.3,BD_5,"Births and Deaths - Standardised death rate (per 1,000 population) (rate)"
2010,7.8,BD_5,"Births and Deaths - Standardised death rate (per 1,000 population) (rate)"
2011,7,BD_5,"Births and Deaths - Standardised death rate (per 1,000 population) (rate)"
2012,6.6,BD_5,"Births and Deaths - Standardised death rate (per 1,000 population) (rate)"
2013,6.6,BD_5,"Births and Deaths - Standardised death rate (per 1,000 population) (rate)"
2009,5.3,ERP_21,Population Density  - Population density (ERP at 30 June) (persons/km2)
2010,5.4,ERP_21,Population Density  - Population density (ERP at 30 June) (persons/km2)
2011,5.5,ERP_21,Population Density  - Population density (ERP at 30 June) (persons/km2)
2012,5.6,ERP_21,Population Density  - Population density (ERP at 30 June) (persons/km2)
2013,5.7,ERP_21,Population Density  - Population density (ERP at 30 June) (persons/km2)
2011,3.1,ATSI_2,Aboriginal and Torres Strait Islander Peoples - Proportion of total population (%)
2011,3.9,LANG_2,Speaks a Language Other Than English at Home - Percentage of total population (%)
2011,49.3,SCHOOL_2,Persons with Post School Qualifications - Percentage of total population aged 15 years and over (%)
2011,0.4,SCHOOL_3,Persons with Post School Qualifications - With Postgraduate Degree (%)
2011,0.5,SCHOOL_4,Persons with Post School Qualifications - With Graduate Diploma/Graduate Certificate (%)
2011,4.2,SCHOOL_5,Persons with Post School Qualifications - With Bachelor Degree (%)
2011,4.3,SCHOOL_6,Persons with Post School Qualifications - With Advanced Diploma/Diploma (%)
2011,26.7,SCHOOL_7,Persons with Post School Qualifications - With Certificate (%)
2011,13.2,SCHOOL_8,Persons with Post School Qualifications - Inadequately described/Not stated (%)
2011,5.9,EMP_OCC_2,Occupation of Employed Persons - Managers (%)
2011,8.3,EMP_OCC_3,Occupation of Employed Persons - Professionals (%)
2011,27.3,EMP_OCC_4,Occupation of Employed Persons - Technicians and trades workers (%)
2011,8,EMP_OCC_5,Occupation of Employed Persons - Community and personal service workers (%)
2011,8.4,EMP_OCC_6,Occupation of Employed Persons - Clerical and administrative workers (%)
2011,6.9,EMP_OCC_7,Occupation of Employed Persons - Sales workers (%)
2011,15.7,EMP_OCC_8,Occupation of Employed Persons - Machinery operators and drivers (%)
2011,17.4,EMP_OCC_9,Occupation of Employed Persons - Labourers (%)
2011,2.2,EMP_OCC_10,Occupation of Employed Persons - Inadequately described/Not stated (%)
2011,0,WORK_TRAV_3,Method of Travel to Work - Used one method - Train or tram (no.)
2011,329,WORK_TRAV_4,Method of Travel to Work - Used one method - Bus (no.)
2011,2869,WORK_TRAV_5,Method of Travel to Work - Used one method - Car (as driver or passenger) (no.)
2011,14,WORK_TRAV_6,Method of Travel to Work - Used one method - Motor bike/scooter (no.)
2011,17,WORK_TRAV_7,Method of Travel to Work - Used one method - Bicycle (no.)
2011,54,WORK_TRAV_8,Method of Travel to Work - Used one method - Other (inc. taxis) (no.)
2011,108,WORK_TRAV_9,Method of Travel to Work - Used one method - Walked only (no.)
2011,3391,WORK_TRAV_10,Method of Travel to Work - Used one method - Total - used one method (no.)
2011,49,WORK_TRAV_12,Method of Travel to Work - Total - used more than one method (no. )
2011,67,WORK_TRAV_14,Method of Travel to Work - Worked from home (no.)
2011,587,WORK_TRAV_15,Method of Travel to Work - Employed but did not go to work (no.)
2011,68,WORK_TRAV_16,Method of Travel to Work - Method of travel not stated (no.)
2011,4162,WORK_TRAV_17,Method of Travel to Work - Total employed (no.)
2011,884,HHTYPE_2,Households by Type - Lone person households (no.)
2011,67,HHTYPE_3,Households by Type - Group households (no.)
2011,2327,HHTYPE_4,Households by Type - Family households (no.)
2011,3278,HHTYPE_5,Households by Type - Total households (no.)
2011,2.5,HHTYPE_6,Households by Type - Average household size - Census 2011 (no. of persons)
2011,803,FAMILY_2,Families by Type - Couple families with children under 15 and/or dependent students (no.)
2011,201,FAMILY_3,Families by Type - Couple families with non-dependent children only (no.)
2011,963,FAMILY_4,Families by Type - Couple families without children (no.)
2011,248,FAMILY_5,Families by Type - One parent families with children under 15 and/or dependent students (no.)
2011,110,FAMILY_6,Families by Type - One parent families with non-dependent children only (no.)
2011,32,FAMILY_7,Families by Type - Other families (no.)
2011,2357,FAMILY_8,Families by Type - Total families (no.)
2011,3,FAMILY_9,Families by Type - Average family size (no. of persons)
2011,13.5,MIG_2,Internal Migration - Persons who lived at different address 1 year ago (%)
2011,28.9,MIG_3,Internal Migration - Persons who lived at different address 5 years ago (%)
2011,19.7,UNPAIDW_2,Unpaid Work: Percentage of Total Population Aged 15 Years and Over - Persons undertaking voluntary work for an organisation or group (%)
2011,20.3,UNPAIDW_3,Unpaid Work: Percentage of Total Population Aged 15 Years and Over - Persons caring for own children without pay (%)
2011,8,UNPAIDW_4,Unpaid Work: Percentage of Total Population Aged 15 Years and Over - Persons caring for other children without pay (%)
2011,1,UNPAIDW_5,Unpaid Work: Percentage of Total Population Aged 15 Years and Over - Persons caring for own children and other children without pay (%)
2011,11.3,UNPAIDW_6,"Unpaid Work: Percentage of Total Population Aged 15 Years and Over - Persons providing unpaid care, help or assistance to family, others (%)"
2011,59,INTERNET_2,Access to Internet at Home - With broadband connection (%)
2011,3,INTERNET_3,Access to Internet at Home - With dial-up connection (%)
2011,4,INTERNET_4,Access to Internet at Home - Other connection (%)
2011,66,INTERNET_5,Access to Internet at Home - Proportion of all occupied private dwellings (%)
2009,541.4,MVC_3,Registered Motor Vehicles - Passenger vehicles (per 1000)
2010,527.3,MVC_3,Registered Motor Vehicles - Passenger vehicles (per 1000)
2011,533.7,MVC_3,Registered Motor Vehicles - Passenger vehicles (per 1000)
2012,525.7,MVC_3,Registered Motor Vehicles - Passenger vehicles (per 1000)
2013,517.4,MVC_3,Registered Motor Vehicles - Passenger vehicles (per 1000)
2009,7,MVC_4,Registered Motor Vehicles - Campervans (per 1000)
2010,6.5,MVC_4,Registered Motor Vehicles - Campervans (per 1000)
2011,6.7,MVC_4,Registered Motor Vehicles - Campervans (per 1000)
2012,6.3,MVC_4,Registered Motor Vehicles - Campervans (per 1000)
2013,5.9,MVC_4,Registered Motor Vehicles - Campervans (per 1000)
2009,274.4,MVC_5,Registered Motor Vehicles - Light commercial vehicles (per 1000)
2010,275,MVC_5,Registered Motor Vehicles - Light commercial vehicles (per 1000)
2011,280.5,MVC_5,Registered Motor Vehicles - Light commercial vehicles (per 1000)
2012,288.5,MVC_5,Registered Motor Vehicles - Light commercial vehicles (per 1000)
2013,288.7,MVC_5,Registered Motor Vehicles - Light commercial vehicles (per 1000)
2009,6.2,MVC_6,Registered Motor Vehicles - Light rigid trucks (per 1000)
2010,5.9,MVC_6,Registered Motor Vehicles - Light rigid trucks (per 1000)
2011,6.1,MVC_6,Registered Motor Vehicles - Light rigid trucks (per 1000)
2012,6.6,MVC_6,Registered Motor Vehicles - Light rigid trucks (per 1000)
2013,6.9,MVC_6,Registered Motor Vehicles - Light rigid trucks (per 1000)
2009,29.3,MVC_7,Registered Motor Vehicles - Heavy rigid trucks (per 1000)
2010,29.1,MVC_7,Registered Motor Vehicles - Heavy rigid trucks (per 1000)
2011,28.7,MVC_7,Registered Motor Vehicles - Heavy rigid trucks (per 1000)
2012,27.1,MVC_7,Registered Motor Vehicles - Heavy rigid trucks (per 1000)
2013,26.7,MVC_7,Registered Motor Vehicles - Heavy rigid trucks (per 1000)
2009,5.3,MVC_8,Registered Motor Vehicles - Articulated trucks (per 1000)
2010,6,MVC_8,Registered Motor Vehicles - Articulated trucks (per 1000)
2011,6.4,MVC_8,Registered Motor Vehicles - Articulated trucks (per 1000)
2012,7.1,MVC_8,Registered Motor Vehicles - Articulated trucks (per 1000)
2013,7.4,MVC_8,Registered Motor Vehicles - Articulated trucks (per 1000)
2009,2.7,MVC_9,Registered Motor Vehicles - Non-freight carrying trucks (per 1000)
2010,2.9,MVC_9,Registered Motor Vehicles - Non-freight carrying trucks (per 1000)
2011,3.1,MVC_9,Registered Motor Vehicles - Non-freight carrying trucks (per 1000)
2012,3,MVC_9,Registered Motor Vehicles - Non-freight carrying trucks (per 1000)
2013,2.8,MVC_9,Registered Motor Vehicles - Non-freight carrying trucks (per 1000)
2009,8.1,MVC_10,Registered Motor Vehicles - Buses (per 1000)
2010,8,MVC_10,Registered Motor Vehicles - Buses (per 1000)
2011,8.5,MVC_10,Registered Motor Vehicles - Buses (per 1000)
2012,7.9,MVC_10,Registered Motor Vehicles - Buses (per 1000)
2013,7.4,MVC_10,Registered Motor Vehicles - Buses (per 1000)
2009,55.9,MVC_11,Registered Motor Vehicles - Motorcycles (per 1000)
2010,61.8,MVC_11,Registered Motor Vehicles - Motorcycles (per 1000)
2011,65.9,MVC_11,Registered Motor Vehicles - Motorcycles (per 1000)
2012,70.4,MVC_11,Registered Motor Vehicles - Motorcycles (per 1000)
2013,70.9,MVC_11,Registered Motor Vehicles - Motorcycles (per 1000)
2009,930.4,MVC_12,Registered Motor Vehicles - Total registered motor vehicles (per 1000)
2010,922.5,MVC_12,Registered Motor Vehicles - Total registered motor vehicles (per 1000)
2011,939.6,MVC_12,Registered Motor Vehicles - Total registered motor vehicles (per 1000)
2012,942.7,MVC_12,Registered Motor Vehicles - Total registered motor vehicles (per 1000)
2013,934.2,MVC_12,Registered Motor Vehicles - Total registered motor vehicles (per 1000)
2009,4939,MVC_14,Registered Motor Vehicles - Passenger vehicles (no.)
2010,4861,MVC_14,Registered Motor Vehicles - Passenger vehicles (no.)
2011,4986,MVC_14,Registered Motor Vehicles - Passenger vehicles (no.)
2012,5008,MVC_14,Registered Motor Vehicles - Passenger vehicles (no.)
2013,5015,MVC_14,Registered Motor Vehicles - Passenger vehicles (no.)
2009,64,MVC_15,Registered Motor Vehicles - Campervans (no.)
2010,60,MVC_15,Registered Motor Vehicles - Campervans (no.)
2011,63,MVC_15,Registered Motor Vehicles - Campervans (no.)
2012,60,MVC_15,Registered Motor Vehicles - Campervans (no.)
2013,57,MVC_15,Registered Motor Vehicles - Campervans (no.)
2009,2503,MVC_16,Registered Motor Vehicles - Light commercial vehicles (no.)
2010,2535,MVC_16,Registered Motor Vehicles - Light commercial vehicles (no.)
2011,2621,MVC_16,Registered Motor Vehicles - Light commercial vehicles (no.)
2012,2748,MVC_16,Registered Motor Vehicles - Light commercial vehicles (no.)
2013,2798,MVC_16,Registered Motor Vehicles - Light commercial vehicles (no.)
2009,57,MVC_17,Registered Motor Vehicles - Light rigid trucks (no.)
2010,54,MVC_17,Registered Motor Vehicles - Light rigid trucks (no.)
2011,57,MVC_17,Registered Motor Vehicles - Light rigid trucks (no.)
2012,63,MVC_17,Registered Motor Vehicles - Light rigid trucks (no.)
2013,67,MVC_17,Registered Motor Vehicles - Light rigid trucks (no.)
2009,267,MVC_18,Registered Motor Vehicles - Heavy rigid trucks (no.)
2010,268,MVC_18,Registered Motor Vehicles - Heavy rigid trucks (no.)
2011,268,MVC_18,Registered Motor Vehicles - Heavy rigid trucks (no.)
2012,258,MVC_18,Registered Motor Vehicles - Heavy rigid trucks (no.)
2013,259,MVC_18,Registered Motor Vehicles - Heavy rigid trucks (no.)
2009,48,MVC_19,Registered Motor Vehicles - Articulated trucks (no.)
2010,55,MVC_19,Registered Motor Vehicles - Articulated trucks (no.)
2011,60,MVC_19,Registered Motor Vehicles - Articulated trucks (no.)
2012,68,MVC_19,Registered Motor Vehicles - Articulated trucks (no.)
2013,72,MVC_19,Registered Motor Vehicles - Articulated trucks (no.)
2009,25,MVC_20,Registered Motor Vehicles - Non-freight carrying trucks (no.)
2010,27,MVC_20,Registered Motor Vehicles - Non-freight carrying trucks (no.)
2011,29,MVC_20,Registered Motor Vehicles - Non-freight carrying trucks (no.)
2012,29,MVC_20,Registered Motor Vehicles - Non-freight carrying trucks (no.)
2013,27,MVC_20,Registered Motor Vehicles - Non-freight carrying trucks (no.)
2009,74,MVC_21,Registered Motor Vehicles - Buses (no.)
2010,74,MVC_21,Registered Motor Vehicles - Buses (no.)
2011,79,MVC_21,Registered Motor Vehicles - Buses (no.)
2012,75,MVC_21,Registered Motor Vehicles - Buses (no.)
2013,72,MVC_21,Registered Motor Vehicles - Buses (no.)
2009,510,MVC_22,Registered Motor Vehicles - Motorcycles (no.)
2010,570,MVC_22,Registered Motor Vehicles - Motorcycles (no.)
2011,616,MVC_22,Registered Motor Vehicles - Motorcycles (no.)
2012,671,MVC_22,Registered Motor Vehicles - Motorcycles (no.)
2013,687,MVC_22,Registered Motor Vehicles - Motorcycles (no.)
2009,8487,MVC_23,Registered Motor Vehicles - Total registered motor vehicles (no.)
2010,8504,MVC_23,Registered Motor Vehicles - Total registered motor vehicles (no.)
2011,8779,MVC_23,Registered Motor Vehicles - Total registered motor vehicles (no.)
2012,8980,MVC_23,Registered Motor Vehicles - Total registered motor vehicles (no.)
2013,9054,MVC_23,Registered Motor Vehicles - Total registered motor vehicles (no.)
2009,2037,MVC_25,Registered Motor Vehicles - Less than 5 years old (no.)
2010,1975,MVC_25,Registered Motor Vehicles - Less than 5 years old (no.)
2011,1824,MVC_25,Registered Motor Vehicles - Less than 5 years old (no.)
2012,1692,MVC_25,Registered Motor Vehicles - Less than 5 years old (no.)
2013,1546,MVC_25,Registered Motor Vehicles - Less than 5 years old (no.)
2009,1910,MVC_26,Registered Motor Vehicles - 5-less than 10 years old (no.)
2010,1987,MVC_26,Registered Motor Vehicles - 5-less than 10 years old (no.)
2011,2270,MVC_26,Registered Motor Vehicles - 5-less than 10 years old (no.)
2012,2486,MVC_26,Registered Motor Vehicles - 5-less than 10 years old (no.)
2013,2621,MVC_26,Registered Motor Vehicles - 5-less than 10 years old (no.)
2009,4540,MVC_27,Registered Motor Vehicles - 10 years or older (no.)
2010,4543,MVC_27,Registered Motor Vehicles - 10 years or older (no.)
2011,4686,MVC_27,Registered Motor Vehicles - 10 years or older (no.)
2012,4801,MVC_27,Registered Motor Vehicles - 10 years or older (no.)
2013,4887,MVC_27,Registered Motor Vehicles - 10 years or older (no.)
2009,5622,MVC_29,Registered Motor Vehicles - Petrol (no.)
2010,5574,MVC_29,Registered Motor Vehicles - Petrol (no.)
2011,5690,MVC_29,Registered Motor Vehicles - Petrol (no.)
2012,5742,MVC_29,Registered Motor Vehicles - Petrol (no.)
2013,5719,MVC_29,Registered Motor Vehicles - Petrol (no.)
2009,2607,MVC_30,Registered Motor Vehicles - Diesel (no.)
2010,2694,MVC_30,Registered Motor Vehicles - Diesel (no.)
2011,2837,MVC_30,Registered Motor Vehicles - Diesel (no.)
2012,2992,MVC_30,Registered Motor Vehicles - Diesel (no.)
2013,3090,MVC_30,Registered Motor Vehicles - Diesel (no.)
2009,258,MVC_31,Registered Motor Vehicles - LPG/Dual/Other (no.)
2010,236,MVC_31,Registered Motor Vehicles - LPG/Dual/Other (no.)
2011,253,MVC_31,Registered Motor Vehicles - LPG/Dual/Other (no.)
2012,246,MVC_31,Registered Motor Vehicles - LPG/Dual/Other (no.)
2013,245,MVC_31,Registered Motor Vehicles - LPG/Dual/Other (no.)
2011,1.3,EMP_IND_2,"Employed by Industry - Agriculture, forestry and fishing (%)"
2011,15.3,EMP_IND_3,Employed by Industry - Mining (%)
2011,10.7,EMP_IND_4,Employed by Industry - Manufacturing  (%)
2011,6.4,EMP_IND_5,"Employed by Industry - Electricity, gas, water and waste services (%)"
2011,15.6,EMP_IND_6,Employed by Industry - Construction (%)
2011,0.7,EMP_IND_7,Employed by Industry - Wholesale trade (%)
2011,9.3,EMP_IND_8,Employed by Industry - Retail trade (%)
2011,6.4,EMP_IND_9,Employed by Industry - Accommodation and food services (%)
2011,2.9,EMP_IND_10,"Employed by Industry - Transport, postal and warehousing (%)"
2011,0.6,EMP_IND_11,Employed by Industry - Information media and telecommunications (%)
2011,0.9,EMP_IND_12,Employed by Industry - Financial and insurance services (%)
2011,1.3,EMP_IND_13,"Employed by Industry - Rental, hiring and real estate services (%)"
2011,2.2,EMP_IND_14,"Employed by Industry - Professional, scientific and technical services (%)"
2011,2.5,EMP_IND_15,Employed by Industry - Administrative and support services (%)
2011,4.3,EMP_IND_16,Employed by Industry - Public administration and safety (%)
2011,6.2,EMP_IND_17,Employed by Industry - Education and training (%)
2011,7.4,EMP_IND_18,Employed by Industry - Health care and social assistance (%)
2011,0.3,EMP_IND_19,Employed by Industry - Arts and recreation services (%)
2011,3.1,EMP_IND_20,Employed by Industry - Other services (%)
2011,4164,EMP_IND_21,Employed by Industry - Total employed (no.)
2012,171002,LAND,Land Area (Ha)
2012,6,PROTECTED_AREA_3,Protected Areas - National Parks (no.)
2012,1,PROTECTED_AREA_4,Protected Areas - Nature Reserves (no.)
2012,7,PROTECTED_AREA_6,Protected Areas - Total (no.)
2012,39287,PROTECTED_AREA_8,Protected Areas - National Parks (ha)
2012,7,PROTECTED_AREA_9,Protected Areas - Nature Reserves (ha)
2012,39294,PROTECTED_AREA_11,Protected Areas - Total (ha)
2012,23,PROTECTED_AREA_13,Protected Areas - National Parks (%)
2012,23,PROTECTED_AREA_16,Protected Areas - Total (%)